********************************************************************************
Obsolete PIO Core v6.1.19 is used (previous was 6.2.0)
Please remove multiple PIO Cores from a system:
https://docs.platformio.org/en/latest/core/installation/troubleshooting.html
********************************************************************************
Processing esp32-c3-supermini (platform: espressif32@6.9.0; board: esp32-c3-devkitm-1; framework: arduino)
--------------------------------------------------------------------------------
Verbose mode can be enabled via `-v, --verbose` option
CONFIGURATION: https://docs.platformio.org/page/boards/espressif32/esp32-c3-devkitm-1.html
PLATFORM: Espressif 32 (6.9.0) > Espressif ESP32-C3-DevKitM-1
HARDWARE: ESP32C3 160MHz, 320KB RAM, 4MB Flash
DEBUG: Current (cmsis-dap) External (cmsis-dap, esp-bridge, esp-builtin, esp-prog, iot-bus-jtag, jlink, minimodule, olimex-arm-usb-ocd, olimex-arm-usb-ocd-h, olimex-arm-usb-tiny-h, olimex-jtag-tiny, tumpa)
PACKAGES: 
 - framework-arduinoespressif32 @ 3.20017.241212+sha.dcc1105b 
 - tool-esptoolpy @ 1.40501.0 (4.5.1) 
 - tool-mkfatfs @ 2.0.1 
 - tool-mklittlefs @ 1.203.210628 (2.3) 
 - tool-mkspiffs @ 2.230.0 (2.30) 
 - toolchain-riscv32-esp @ 8.4.0+2021r2-patch5
LDF: Library Dependency Finder -> https://bit.ly/configure-pio-ldf
LDF Modes: Finder ~ chain, Compatibility ~ soft
Found 36 compatible libraries
Scanning dependencies...
Dependency Graph
|-- TFT_eSPI @ 2.5.43+sha.16e3759
|-- ArduinoJson @ 7.4.3
|-- HTTPClient @ 2.0.0
|-- WiFi @ 2.0.0
|-- WiFiClientSecure @ 2.0.0
Building in release mode
Retrieving maximum program size .pio\build\esp32-c3-supermini\firmware.elf
Checking size .pio\build\esp32-c3-supermini\firmware.elf
Advanced Memory Usage is available via "PlatformIO Home > Project Inspect"
RAM:   [=         ]  12.3% (used 40260 bytes from 327680 bytes)
Flash: [=======   ]  71.0% (used 930146 bytes from 1310720 bytes)
Configuring upload protocol...
AVAILABLE: cmsis-dap, esp-bridge, esp-builtin, esp-prog, espota, esptool, iot-bus-jtag, jlink, minimodule, olimex-arm-usb-ocd, olimex-arm-usb-ocd-h, olimex-arm-usb-tiny-h, olimex-jtag-tiny, tumpa
CURRENT: upload_protocol = esptool
Looking for upload port...
Using manually specified: COM3
Uploading .pio\build\esp32-c3-supermini\firmware.bin
esptool.py v4.5.1
Serial port COM3
Connecting...
Chip is ESP32-C3 (revision v0.4)
Features: WiFi, BLE
Crystal is 40MHz
MAC: 9c:cc:01:7c:35:84
Uploading stub...
Running stub...
Stub running...
Changing baud rate to 460800
Changed.
Configuring flash size...
Flash will be erased from 0x00000000 to 0x00003fff...
Flash will be erased from 0x00008000 to 0x00008fff...
Flash will be erased from 0x0000e000 to 0x0000ffff...
Flash will be erased from 0x00010000 to 0x000fafff...
Compressed 13248 bytes to 9562...
Writing at 0x00000000... (100 %)
Wrote 13248 bytes (9562 compressed) at 0x00000000 in 0.1 seconds (effective 863.1 kbit/s)...
Hash of data verified.
Compressed 3072 bytes to 146...
Writing at 0x00008000... (100 %)
Wrote 3072 bytes (146 compressed) at 0x00008000 in 0.0 seconds (effective 911.8 kbit/s)...
Hash of data verified.
Compressed 8192 bytes to 47...
Writing at 0x0000e000... (100 %)
Wrote 8192 bytes (47 compressed) at 0x0000e000 in 0.1 seconds (effective 1187.3 kbit/s)...
Hash of data verified.
Compressed 960624 bytes to 578137...
Writing at 0x00010000... (2 %)
Writing at 0x0001b75c... (5 %)
Writing at 0x000272b3... (8 %)
Writing at 0x000318e9... (11 %)
Writing at 0x0003c430... (13 %)
Writing at 0x00041a76... (16 %)
Writing at 0x000481f0... (19 %)
Writing at 0x0004e588... (22 %)
Writing at 0x00055624... (25 %)
Writing at 0x0005b57e... (27 %)
Writing at 0x000616ab... (30 %)
Writing at 0x000673f5... (33 %)
Writing at 0x0006d074... (36 %)
Writing at 0x00073410... (38 %)
Writing at 0x000790f0... (41 %)
Writing at 0x0007ef72... (44 %)
Writing at 0x0008515f... (47 %)
Writing at 0x0008a7e2... (50 %)
Writing at 0x0008fcc8... (52 %)
Writing at 0x000954a2... (55 %)
Writing at 0x0009bd96... (58 %)
Writing at 0x000a17d7... (61 %)
Writing at 0x000a7018... (63 %)
Writing at 0x000ad23d... (66 %)
Writing at 0x000b2ddc... (69 %)
Writing at 0x000b8f6d... (72 %)
Writing at 0x000bf2a7... (75 %)
Writing at 0x000c574e... (77 %)
Writing at 0x000cb850... (80 %)
Writing at 0x000d1c00... (83 %)
Writing at 0x000d796b... (86 %)
Writing at 0x000de096... (88 %)
Writing at 0x000e5cc3... (91 %)
Writing at 0x000ec9e9... (94 %)
Writing at 0x000f23ec... (97 %)
Writing at 0x000f89f8... (100 %)
Wrote 960624 bytes (578137 compressed) at 0x00010000 in 3.3 seconds (effective 2307.0 kbit/s)...
Hash of data verified.

Leaving...
Hard resetting via RTS pin...
--- Terminal on COM3 | 115200 8-N-1
--- Available filters and text transformations: debug, default, direct, esp32_exception_decoder, hexlify, log2file, nocontrol, printable, send_on_enter, time
--- More details at https://bit.ly/pio-monitor-filters
--- Quit: Ctrl+C | Menu: Ctrl+T | Help: Ctrl+T followed by Ctrl+H
Booting...
Calling tft.init()...
Guru Meditation Error: Core  0 panic'ed (Store access fault). Exception was unhandled.

Core  0 register dump:
MEPC    : 0x420037aa  RA      : 0x4200379a  SP      : 0x3fc9e150  GP      : 0x3fc8e200  
TP      : 0x3fc7d2dc  T0      : 0x00000000  T1      : 0xffc3ffff  T2      : 0x00000001  
S0/FP   : 0x60004000  S1      : 0x3fc91570  A0      : 0x00000001  A1      : 0xffffffff  
A2      : 0x00000000  A3      : 0x00000000  A4      : 0x08000000  A5      : 0x00000010  
A6      : 0x00000003  A7      : 0x04c4b400  S2      : 0x00000000  S3      : 0x00000000  
S4      : 0x00000000  S5      : 0x00000000  S6      : 0x00000000  S7      : 0x00000000  
S8      : 0x00000000  S9      : 0x00000000  S10     : 0x00000000  S11     : 0x00000000  
T3      : 0x00000000  T4      : 0x0000000f  T5      : 0x003c0000  T6      : 0x00000003  
MSTATUS : 0x00001881  MTVEC   : 0x40380001  MCAUSE  : 0x00000007  MTVAL   : 0x00000010  
MHARTID : 0x00000000  

Stack memory:
3fc9e150: 0x00000000 0x3fc97000 0x00989680 0x00000001 0x00000001 0x3fc97000 0x3fc91570 0x42003ad2
3fc9e170: 0x00000000 0x3fc91848 0x00000015 0x4200d148 0x00000000 0x3fc91000 0x3fc92000 0x42002170
3fc9e190: 0x00000000 0x00000000 0x00000000 0x00000000 0x00000000 0x3fc97000 0x00000000 0x4200f560
3fc9e1b0: 0x00000000 0x00000000 0x00000000 0x4038988c 0x00000000 0x00000000 0x00000000 0x00000000
3fc9e1d0: 0x00000000 0xa5a5a5a5 0xa5a5a5a5 0xa5a5a5a5 0xa5a5a5a5 0xa5a5a5a5 0xbaad5678 0x00000160
3fc9e1f0: 0xabba1234 0x00000154 0x3fc9e060 0x000003eb 0x3fc930cc 0x3fc930cc 0x3fc9e1f8 0x3fc930c4
3fc9e210: 0x00000018 0x00000000 0x00000000 0x3fc9e1f8 0x00000000 0x00000001 0x3fc9c1e8 0x706f6f6c
3fc9e230: 0x6b736154 0x00000000 0x00000000 0x00000000 0x3fc9e1e0 0x00000001 0x00000002 0x00000000
3fc9e250: 0x00000000 0x00000000 0x3fc98154 0x3fc981bc 0x3fc98224 0x00000000 0x00000000 0x00000001
3fc9e270: 0x00000000 0x00000000 0x00000000 0x4209c1a4 0x00000000 0x00000000 0x00000000 0x00000000
3fc9e290: 0x00000000 0x00000000 0x00000000 0x00000000 0x00000000 0x00000000 0x00000000 0x00000000
3fc9e2b0: 0x00000000 0x00000000 0x00000000 0x00000000 0x00000000 0x00000000 0x00000000 0x00000000
3fc9e2d0: 0x00000000 0x00000000 0x00000000 0x00000000 0x00000000 0x00000000 0x00000000 0x00000000
3fc9e2f0: 0x00000000 0x00000000 0x00000000 0x00000000 0x00000000 0x00000000 0x00000000 0x00000000
3fc9e310: 0x00000000 0x00000000 0x00000000 0x00000000 0x00000000 0x00000000 0x00000000 0x00000000
3fc9e330: 0x00000000 0x00000000 0x00000000 0x00000000 0x00000000 0x00000000 0xa5000000 0xbaad5678
3fc9e350: 0x00000060 0xabba1234 0x00000054 0x00000000 0x3fc9e35c 0x00000000 0x00000000 0x00000000
3fc9e370: 0x3fc9e374 0xffffffff 0x3fc9e374 0x3fc9e374 0x00000000 0x3fc9e388 0xffffffff 0x3fc9e388
3fc9e390: 0x3fc9e388 0x00000001 0x00000001 0x00000000 0xa500ffff 0x00000000 0xb33fffff 0x00000000
3fc9e3b0: 0xbaad5678 0x00000160 0xabba1234 0x00000154 0x3fc9e414 0x3fc9e414 0x3fc9e514 0x3fc9e513
3fc9e3d0: 0x00000000 0x3fc9e3d8 0xffffffff 0x3fc9e3d8 0x3fc9e3d8 0x00000000 0x3fc9e3ec 0xffffffff
3fc9e3f0: 0x3fc9e3ec 0x3fc9e3ec 0x00000000 0x00000100 0x00000001 0xa500ffff 0x00000000 0xb33fffff
3fc9e410: 0x00000000 0xa5a5a5a5 0xa5a5a5a5 0xa5a5a5a5 0xa5a5a5a5 0xa5a5a5a5 0xa5a5a5a5 0xa5a5a5a5
3fc9e430: 0xa5a5a5a5 0xa5a5a5a5 0xa5a5a5a5 0xa5a5a5a5 0xa5a5a5a5 0xa5a5a5a5 0xa5a5a5a5 0xa5a5a5a5
3fc9e450: 0xa5a5a5a5 0xa5a5a5a5 0xa5a5a5a5 0xa5a5a5a5 0xa5a5a5a5 0xa5a5a5a5 0xa5a5a5a5 0xa5a5a5a5
3fc9e470: 0xa5a5a5a5 0xa5a5a5a5 0xa5a5a5a5 0xa5a5a5a5 0xa5a5a5a5 0xa5a5a5a5 0xa5a5a5a5 0xa5a5a5a5
3fc9e490: 0xa5a5a5a5 0xa5a5a5a5 0xa5a5a5a5 0xa5a5a5a5 0xa5a5a5a5 0xa5a5a5a5 0xa5a5a5a5 0xa5a5a5a5
3fc9e4b0: 0xa5a5a5a5 0xa5a5a5a5 0xa5a5a5a5 0xa5a5a5a5 0xa5a5a5a5 0xa5a5a5a5 0xa5a5a5a5 0xa5a5a5a5
3fc9e4d0: 0xa5a5a5a5 0xa5a5a5a5 0xa5a5a5a5 0xa5a5a5a5 0xa5a5a5a5 0xa5a5a5a5 0xa5a5a5a5 0xa5a5a5a5
3fc9e4f0: 0xa5a5a5a5 0xa5a5a5a5 0xa5a5a5a5 0xa5a5a5a5 0xa5a5a5a5 0xa5a5a5a5 0xa5a5a5a5 0xa5a5a5a5
3fc9e510: 0xa5a5a5a5 0xbaad5678 0x000000f8 0xabba1234 0x000000ec 0x00000100 0x00000100 0x00000002
3fc9e530: 0x4038655c 0x40386052 0x40385946 0x40386500 0x403864e4 0x3fc9e643 0x3fc9e643 0x3fc9e643



ELF file SHA256: 90ae28fade45912f

Rebooting...
ESP-ROM:esp32c3-api1-20210207
Build:Feb  7 2021
rst:0x3 (RTC_SW_SYS_RST),boot:0xd (SPI_FAST_FLASH_BOOT)
Saved PC:0x4038202c
SPIWP:0xee
mode:DIO, clock div:1
load:0x3fcd5810,len:0x438
load:0x403cc710,len:0x90c
load:0x403ce710,len:0x2624
entry 0x403cc710
Booting...
Calling tft.init()...
Guru Meditation Error: Core  0 panic'ed (Store access fault). Exception was unhandled.

Core  0 register dump:
MEPC    : 0x420037aa  RA      : 0x4200379a  SP      : 0x3fc9e150  GP      : 0x3fc8e200  
TP      : 0x3fc7d2dc  T0      : 0x00000000  T1      : 0xffc3ffff  T2      : 0x00000001  
S0/FP   : 0x60004000  S1      : 0x3fc91570  A0      : 0x00000001  A1      : 0xffffffff  
A2      : 0x00000000  A3      : 0x00000000  A4      : 0x08000000  A5      : 0x00000010  
A6      : 0x00000003  A7      : 0x04c4b400  S2      : 0x00000000  S3      : 0x00000000  
S4      : 0x00000000  S5      : 0x00000000  S6      : 0x00000000  S7      : 0x00000000  
S8      : 0x00000000  S9      : 0x00000000  S10     : 0x00000000  S11     : 0x00000000  
T3      : 0x00000000  T4      : 0x0000000f  T5      : 0x003c0000  T6      : 0x00000003  
MSTATUS : 0x00001881  MTVEC   : 0x40380001  MCAUSE  : 0x00000007  MTVAL   : 0x00000010  
MHARTID : 0x00000000  

Stack memory:
3fc9e150: 0x00000000 0x3fc97000 0x00989680 0x00000001 0x00000001 0x3fc97000 0x3fc91570 0x42003ad2
3fc9e170: 0x00000000 0x3fc91848 0x00000015 0x4200d148 0x00000000 0x3fc91000 0x3fc92000 0x42002170
3fc9e190: 0x00000000 0x00000000 0x00000000 0x00000000 0x00000000 0x3fc97000 0x00000000 0x4200f560
3fc9e1b0: 0x00000000 0x00000000 0x00000000 0x4038988c 0x00000000 0x00000000 0x00000000 0x00000000
3fc9e1d0: 0x00000000 0xa5a5a5a5 0xa5a5a5a5 0xa5a5a5a5 0xa5a5a5a5 0xa5a5a5a5 0xbaad5678 0x00000160
3fc9e1f0: 0xabba1234 0x00000154 0x3fc9e0b0 0x000003eb 0x3fc930cc 0x3fc930cc 0x3fc9e1f8 0x3fc930c4
3fc9e210: 0x00000018 0x00000000 0x00000000 0x3fc9e1f8 0x00000000 0x00000001 0x3fc9c1e8 0x706f6f6c
3fc9e230: 0x6b736154 0x00000000 0x00000000 0x00000000 0x3fc9e1e0 0x00000001 0x00000002 0x00000000
3fc9e250: 0x00000000 0x00000000 0x3fc98154 0x3fc981bc 0x3fc98224 0x00000000 0x00000000 0x00000001
3fc9e270: 0x00000000 0x00000000 0x00000000 0x4209c1a4 0x00000000 0x00000000 0x00000000 0x00000000
3fc9e290: 0x00000000 0x00000000 0x00000000 0x00000000 0x00000000 0x00000000 0x00000000 0x00000000
3fc9e2b0: 0x00000000 0x00000000 0x00000000 0x00000000 0x00000000 0x00000000 0x00000000 0x00000000
3fc9e2d0: 0x00000000 0x00000000 0x00000000 0x00000000 0x00000000 0x00000000 0x00000000 0x00000000
3fc9e2f0: 0x00000000 0x00000000 0x00000000 0x00000000 0x00000000 0x00000000 0x00000000 0x00000000
3fc9e310: 0x00000000 0x00000000 0x00000000 0x00000000 0x00000000 0x00000000 0x00000000 0x00000000
3fc9e330: 0x00000000 0x00000000 0x00000000 0x00000000 0x00000000 0x00000000 0xa5000000 0xbaad5678
3fc9e350: 0x00000060 0xabba1234 0x00000054 0x00000000 0x3fc9e35c 0x00000000 0x00000000 0x00000000
3fc9e370: 0x3fc9e374 0xffffffff 0x3fc9e374 0x3fc9e374 0x00000000 0x3fc9e388 0xffffffff 0x3fc9e388
3fc9e390: 0x3fc9e388 0x00000001 0x00000001 0x00000000 0xa500ffff 0x00000000 0xb33fffff 0x00000000
3fc9e3b0: 0xbaad5678 0x00000160 0xabba1234 0x00000154 0x3fc9e414 0x3fc9e414 0x3fc9e514 0x3fc9e513
3fc9e3d0: 0x00000000 0x3fc9e3d8 0xffffffff 0x3fc9e3d8 0x3fc9e3d8 0x00000000 0x3fc9e3ec 0xffffffff
3fc9e3f0: 0x3fc9e3ec 0x3fc9e3ec 0x00000000 0x00000100 0x00000001 0xa500ffff 0x00000000 0xb33fffff
3fc9e410: 0x00000000 0xa5a5a5a5 0xa5a5a5a5 0xa5a5a5a5 0xa5a5a5a5 0xa5a5a5a5 0xa5a5a5a5 0xa5a5a5a5
3fc9e430: 0xa5a5a5a5 0xa5a5a5a5 0xa5a5a5a5 0xa5a5a5a5 0xa5a5a5a5 0xa5a5a5a5 0xa5a5a5a5 0xa5a5a5a5
3fc9e450: 0xa5a5a5a5 0xa5a5a5a5 0xa5a5a5a5 0xa5a5a5a5 0xa5a5a5a5 0xa5a5a5a5 0xa5a5a5a5 0xa5a5a5a5
3fc9e470: 0xa5a5a5a5 0xa5a5a5a5 0xa5a5a5a5 0xa5a5a5a5 0xa5a5a5a5 0xa5a5a5a5 0xa5a5a5a5 0xa5a5a5a5
3fc9e490: 0xa5a5a5a5 0xa5a5a5a5 0xa5a5a5a5 0xa5a5a5a5 0xa5a5a5a5 0xa5a5a5a5 0xa5a5a5a5 0xa5a5a5a5
3fc9e4b0: 0xa5a5a5a5 0xa5a5a5a5 0xa5a5a5a5 0xa5a5a5a5 0xa5a5a5a5 0xa5a5a5a5 0xa5a5a5a5 0xa5a5a5a5
3fc9e4d0: 0xa5a5a5a5 0xa5a5a5a5 0xa5a5a5a5 0xa5a5a5a5 0xa5a5a5a5 0xa5a5a5a5 0xa5a5a5a5 0xa5a5a5a5
3fc9e4f0: 0xa5a5a5a5 0xa5a5a5a5 0xa5a5a5a5 0xa5a5a5a5 0xa5a5a5a5 0xa5a5a5a5 0xa5a5a5a5 0xa5a5a5a5
3fc9e510: 0xa5a5a5a5 0xbaad5678 0x000000f8 0xabba1234 0x000000ec 0x00000100 0x00000100 0x00000002
3fc9e530: 0x4038655c 0x40386052 0x40385946 0x40386500 0x403864e4 0x3fc9e643 0x3fc9e643 0x3fc9e643



ELF file SHA256: 90ae28fade45912f

Rebooting...
ESP-ROM:esp32c3-api1-20210207
Build:Feb  7 2021
rst:0x3 (RTC_SW_SYS_RST),boot:0xd (SPI_FAST_FLASH_BOOT)
Saved PC:0x4038202c
SPIWP:0xee
mode:DIO, clock div:1
load:0x3fcd5810,len:0x438
load:0x403cc710,len:0x90c
load:0x403ce710,len:0x2624
entry 0x403cc710
Booting...
Calling tft.init()...
Guru Meditation Error: Core  0 panic'ed (Store access fault). Exception was unhandled.

Core  0 register dump:
MEPC    : 0x420037aa  RA      : 0x4200379a  SP      : 0x3fc9e150  GP      : 0x3fc8e200  
TP      : 0x3fc7d2dc  T0      : 0x00000000  T1      : 0xffc3ffff  T2      : 0x00000001  
S0/FP   : 0x60004000  S1      : 0x3fc91570  A0      : 0x00000001  A1      : 0xffffffff  
A2      : 0x00000000  A3      : 0x00000000  A4      : 0x08000000  A5      : 0x00000010  
A6      : 0x00000003  A7      : 0x04c4b400  S2      : 0x00000000  S3      : 0x00000000  
S4      : 0x00000000  S5      : 0x00000000  S6      : 0x00000000  S7      : 0x00000000  
S8      : 0x00000000  S9      : 0x00000000  S10     : 0x00000000  S11     : 0x00000000  
T3      : 0x00000000  T4      : 0x0000000f  T5      : 0x003c0000  T6      : 0x00000003  
MSTATUS : 0x00001881  MTVEC   : 0x40380001  MCAUSE  : 0x00000007  MTVAL   : 0x00000010  
MHARTID : 0x00000000  

Stack memory:
3fc9e150: 0x00000000 0x3fc97000 0x00989680 0x00000001 0x00000001 0x3fc97000 0x3fc91570 0x42003ad2
3fc9e170: 0x00000000 0x3fc91848 0x00000015 0x4200d148 0x00000000 0x3fc91000 0x3fc92000 0x42002170
3fc9e190: 0x00000000 0x00000000 0x00000000 0x00000000 0x00000000 0x3fc97000 0x00000000 0x4200f560
3fc9e1b0: 0x00000000 0x00000000 0x00000000 0x4038988c 0x00000000 0x00000000 0x00000000 0x00000000
3fc9e1d0: 0x00000000 0xa5a5a5a5 0xa5a5a5a5 0xa5a5a5a5 0xa5a5a5a5 0xa5a5a5a5 0xbaad5678 0x00000160
3fc9e1f0: 0xabba1234 0x00000154 0x3fc9e0b0 0x000003eb 0x3fc930cc 0x3fc930cc 0x3fc9e1f8 0x3fc930c4
3fc9e210: 0x00000018 0x00000000 0x00000000 0x3fc9e1f8 0x00000000 0x00000001 0x3fc9c1e8 0x706f6f6c
3fc9e230: 0x6b736154 0x00000000 0x00000000 0x00000000 0x3fc9e1e0 0x00000001 0x00000002 0x00000000
3fc9e250: 0x00000000 0x00000000 0x3fc98154 0x3fc981bc 0x3fc98224 0x00000000 0x00000000 0x00000001
3fc9e270: 0x00000000 0x00000000 0x00000000 0x4209c1a4 0x00000000 0x00000000 0x00000000 0x00000000
3fc9e290: 0x00000000 0x00000000 0x00000000 0x00000000 0x00000000 0x00000000 0x00000000 0x00000000
3fc9e2b0: 0x00000000 0x00000000 0x00000000 0x00000000 0x00000000 0x00000000 0x00000000 0x00000000
3fc9e2d0: 0x00000000 0x00000000 0x00000000 0x00000000 0x00000000 0x00000000 0x00000000 0x00000000
3fc9e2f0: 0x00000000 0x00000000 0x00000000 0x00000000 0x00000000 0x00000000 0x00000000 0x00000000
3fc9e310: 0x00000000 0x00000000 0x00000000 0x00000000 0x00000000 0x00000000 0x00000000 0x00000000
3fc9e330: 0x00000000 0x00000000 0x00000000 0x00000000 0x00000000 0x00000000 0xa5000000 0xbaad5678
3fc9e350: 0x00000060 0xabba1234 0x00000054 0x00000000 0x3fc9e35c 0x00000000 0x00000000 0x00000000
3fc9e370: 0x3fc9e374 0xffffffff 0x3fc9e374 0x3fc9e374 0x00000000 0x3fc9e388 0xffffffff 0x3fc9e388
3fc9e390: 0x3fc9e388 0x00000001 0x00000001 0x00000000 0xa500ffff 0x00000000 0xb33fffff 0x00000000
3fc9e3b0: 0xbaad5678 0x00000160 0xabba1234 0x00000154 0x3fc9e414 0x3fc9e414 0x3fc9e514 0x3fc9e513
3fc9e3d0: 0x00000000 0x3fc9e3d8 0xffffffff 0x3fc9e3d8 0x3fc9e3d8 0x00000000 0x3fc9e3ec 0xffffffff
3fc9e3f0: 0x3fc9e3ec 0x3fc9e3ec 0x00000000 0x00000100 0x00000001 0xa500ffff 0x00000000 0xb33fffff
3fc9e410: 0x00000000 0xa5a5a5a5 0xa5a5a5a5 0xa5a5a5a5 0xa5a5a5a5 0xa5a5a5a5 0xa5a5a5a5 0xa5a5a5a5
3fc9e430: 0xa5a5a5a5 0xa5a5a5a5 0xa5a5a5a5 0xa5a5a5a5 0xa5a5a5a5 0xa5a5a5a5 0xa5a5a5a5 0xa5a5a5a5
3fc9e450: 0xa5a5a5a5 0xa5a5a5a5 0xa5a5a5a5 0xa5a5a5a5 0xa5a5a5a5 0xa5a5a5a5 0xa5a5a5a5 0xa5a5a5a5
3fc9e470: 0xa5a5a5a5 0xa5a5a5a5 0xa5a5a5a5 0xa5a5a5a5 0xa5a5a5a5 0xa5a5a5a5 0xa5a5a5a5 0xa5a5a5a5
3fc9e490: 0xa5a5a5a5 0xa5a5a5a5 0xa5a5a5a5 0xa5a5a5a5 0xa5a5a5a5 0xa5a5a5a5 0xa5a5a5a5 0xa5a5a5a5
3fc9e4b0: 0xa5a5a5a5 0xa5a5a5a5 0xa5a5a5a5 0xa5a5a5a5 0xa5a5a5a5 0xa5a5a5a5 0xa5a5a5a5 0xa5a5a5a5
3fc9e4d0: 0xa5a5a5a5 0xa5a5a5a5 0xa5a5a5a5 0xa5a5a5a5 0xa5a5a5a5 0xa5a5a5a5 0xa5a5a5a5 0xa5a5a5a5
3fc9e4f0: 0xa5a5a5a5 0xa5a5a5a5 0xa5a5a5a5 0xa5a5a5a5 0xa5a5a5a5 0xa5a5a5a5 0xa5a5a5a5 0xa5a5a5a5
3fc9e510: 0xa5a5a5a5 0xbaad5678 0x000000f8 0xabba1234 0x000000ec 0x00000100 0x00000100 0x00000002
3fc9e530: 0x4038655c 0x40386052 0x40385946 0x40386500 0x403864e4 0x3fc9e643 0x3fc9e643 0x3fc9e643



ELF file SHA256: 90ae28fade45912f

Rebooting...
ESP-ROM:esp32c3-api1-20210207
Build:Feb  7 2021
rst:0x3 (RTC_SW_SYS_RST),boot:0xd (SPI_FAST_FLASH_BOOT)
Saved PC:0x4038202c
SPIWP:0xee
mode:DIO, clock div:1
load:0x3fcd5810,len:0x438
load:0x403cc710,len:0x90c
load:0x403ce710,len:0x2624
entry 0x403cc710
Booting...
Calling tft.init()...
Guru Meditation Error: Core  0 panic'ed (Store access fault). Exception was unhandled.

Core  0 register dump:
MEPC    : 0x420037aa  RA      : 0x4200379a  SP      : 0x3fc9e150  GP      : 0x3fc8e200  
TP      : 0x3fc7d2dc  T0      : 0x00000000  T1      : 0xffc3ffff  T2      : 0x00000001  
S0/FP   : 0x60004000  S1      : 0x3fc91570  A0      : 0x00000001  A1      : 0xffffffff  
A2      : 0x00000000  A3      : 0x00000000  A4      : 0x08000000  A5      : 0x00000010  
A6      : 0x00000003  A7      : 0x04c4b400  S2      : 0x00000000  S3      : 0x00000000  
S4      : 0x00000000  S5      : 0x00000000  S6      : 0x00000000  S7      : 0x00000000  
S8      : 0x00000000  S9      : 0x00000000  S10     : 0x00000000  S11     : 0x00000000  
T3      : 0x00000000  T4      : 0x0000000f  T5      : 0x003c0000  T6      : 0x00000003  
MSTATUS : 0x00001881  MTVEC   : 0x40380001  MCAUSE  : 0x00000007  MTVAL   : 0x00000010  
MHARTID : 0x00000000  

Stack memory:
3fc9e150: 0x00000000 0x3fc97000 0x00989680 0x00000001 0x00000001 0x3fc97000 0x3fc91570 0x42003ad2
3fc9e170: 0x00000000 0x3fc91848 0x00000015 0x4200d148 0x00000000 0x3fc91000 0x3fc92000 0x42002170
3fc9e190: 0x00000000 0x00000000 0x00000000 0x00000000 0x00000000 0x3fc97000 0x00000000 0x4200f560
3fc9e1b0: 0x00000000 0x00000000 0x00000000 0x4038988c 0x00000000 0x00000000 0x00000000 0x00000000
3fc9e1d0: 0x00000000 0xa5a5a5a5 0xa5a5a5a5 0xa5a5a5a5 0xa5a5a5a5 0xa5a5a5a5 0xbaad5678 0x00000160
3fc9e1f0: 0xabba1234 0x00000154 0x3fc9e070 0x000003eb 0x3fc930cc 0x3fc930cc 0x3fc9e1f8 0x3fc930c4
3fc9e210: 0x00000018 0x00000000 0x00000000 0x3fc9e1f8 0x00000000 0x00000001 0x3fc9c1e8 0x706f6f6c
3fc9e230: 0x6b736154 0x00000000 0x00000000 0x00000000 0x3fc9e1e0 0x00000001 0x00000002 0x00000000
3fc9e250: 0x00000000 0x00000000 0x3fc98154 0x3fc981bc 0x3fc98224 0x00000000 0x00000000 0x00000001
3fc9e270: 0x00000000 0x00000000 0x00000000 0x4209c1a4 0x00000000 0x00000000 0x00000000 0x00000000
3fc9e290: 0x00000000 0x00000000 0x00000000 0x00000000 0x00000000 0x00000000 0x00000000 0x00000000
3fc9e2b0: 0x00000000 0x00000000 0x00000000 0x00000000 0x00000000 0x00000000 0x00000000 0x00000000
3fc9e2d0: 0x00000000 0x00000000 0x00000000 0x00000000 0x00000000 0x00000000 0x00000000 0x00000000
3fc9e2f0: 0x00000000 0x00000000 0x00000000 0x00000000 0x00000000 0x00000000 0x00000000 0x00000000
3fc9e310: 0x00000000 0x00000000 0x00000000 0x00000000 0x00000000 0x00000000 0x00000000 0x00000000
3fc9e330: 0x00000000 0x00000000 0x00000000 0x00000000 0x00000000 0x00000000 0xa5000000 0xbaad5678
3fc9e350: 0x00000060 0xabba1234 0x00000054 0x00000000 0x3fc9e35c 0x00000000 0x00000000 0x00000000
3fc9e370: 0x3fc9e374 0xffffffff 0x3fc9e374 0x3fc9e374 0x00000000 0x3fc9e388 0xffffffff 0x3fc9e388
3fc9e390: 0x3fc9e388 0x00000001 0x00000001 0x00000000 0xa500ffff 0x00000000 0xb33fffff 0x00000000
3fc9e3b0: 0xbaad5678 0x00000160 0xabba1234 0x00000154 0x3fc9e414 0x3fc9e414 0x3fc9e514 0x3fc9e513
3fc9e3d0: 0x00000000 0x3fc9e3d8 0xffffffff 0x3fc9e3d8 0x3fc9e3d8 0x00000000 0x3fc9e3ec 0xffffffff
3fc9e3f0: 0x3fc9e3ec 0x3fc9e3ec 0x00000000 0x00000100 0x00000001 0xa500ffff 0x00000000 0xb33fffff
3fc9e410: 0x00000000 0xa5a5a5a5 0xa5a5a5a5 0xa5a5a5a5 0xa5a5a5a5 0xa5a5a5a5 0xa5a5a5a5 0xa5a5a5a5
3fc9e430: 0xa5a5a5a5 0xa5a5a5a5 0xa5a5a5a5 0xa5a5a5a5 0xa5a5a5a5 0xa5a5a5a5 0xa5a5a5a5 0xa5a5a5a5
3fc9e450: 0xa5a5a5a5 0xa5a5a5a5 0xa5a5a5a5 0xa5a5a5a5 0xa5a5a5a5 0xa5a5a5a5 0xa5a5a5a5 0xa5a5a5a5
3fc9e470: 0xa5a5a5a5 0xa5a5a5a5 0xa5a5a5a5 0xa5a5a5a5 0xa5a5a5a5 0xa5a5a5a5 0xa5a5a5a5 0xa5a5a5a5
3fc9e490: 0xa5a5a5a5 0xa5a5a5a5 0xa5a5a5a5 0xa5a5a5a5 0xa5a5a5a5 0xa5a5a5a5 0xa5a5a5a5 0xa5a5a5a5
3fc9e4b0: 0xa5a5a5a5 0xa5a5a5a5 0xa5a5a5a5 0xa5a5a5a5 0xa5a5a5a5 0xa5a5a5a5 0xa5a5a5a5 0xa5a5a5a5
3fc9e4d0: 0xa5a5a5a5 0xa5a5a5a5 0xa5a5a5a5 0xa5a5a5a5 0xa5a5a5a5 0xa5a5a5a5 0xa5a5a5a5 0xa5a5a5a5
3fc9e4f0: 0xa5a5a5a5 0xa5a5a5a5 0xa5a5a5a5 0xa5a5a5a5 0xa5a5a5a5 0xa5a5a5a5 0xa5a5a5a5 0xa5a5a5a5
3fc9e510: 0xa5a5a5a5 0xbaad5678 0x000000f8 0xabba1234 0x000000ec 0x00000100 0x00000100 0x00000002
3fc9e530: 0x4038655c 0x40386052 0x40385946 0x40386500 0x403864e4 0x3fc9e643 0x3fc9e643 0x3fc9e643



ELF file SHA256: 90ae28fade45912f

Rebooting...
ESP-ROM:esp32c3-api1-20210207
Build:Feb  7 2021
rst:0x3 (RTC_SW_SYS_RST),boot:0xd (SPI_FAST_FLASH_BOOT)
Saved PC:0x4038202c
SPIWP:0xee
mode:DIO, clock div:1
load:0x3fcd5810,len:0x438
load:0x403cc710,len:0x90c
load:0x403ce710,len:0x2624
entry 0x403cc710
Booting...
Calling tft.init()...
Guru Meditation Error: Core  0 panic'ed (Store access fault). Exception was unhandled.

Core  0 register dump:
MEPC    : 0x420037aa  RA      : 0x4200379a  SP      : 0x3fc9e150  GP      : 0x3fc8e200  
TP      : 0x3fc7d2dc  T0      : 0x00000000  T1      : 0xffc3ffff  T2      : 0x00000001  
S0/FP   : 0x60004000  S1      : 0x3fc91570  A0      : 0x00000001  A1      : 0xffffffff  
A2      : 0x00000000  A3      : 0x00000000  A4      : 0x08000000  A5      : 0x00000010  
A6      : 0x00000003  A7      : 0x04c4b400  S2      : 0x00000000  S3      : 0x00000000  
S4      : 0x00000000  S5      : 0x00000000  S6      : 0x00000000  S7      : 0x00000000  
S8      : 0x00000000  S9      : 0x00000000  S10     : 0x00000000  S11     : 0x00000000  
T3      : 0x00000000  T4      : 0x0000000f  T5      : 0x003c0000  T6      : 0x00000003  
MSTATUS : 0x00001881  MTVEC   : 0x40380001  MCAUSE  : 0x00000007  MTVAL   : 0x00000010  
MHARTID : 0x00000000  

Stack memory:
3fc9e150: 0x00000000 0x3fc97000 0x00989680 0x00000001 0x00000001 0x3fc97000 0x3fc91570 0x42003ad2
3fc9e170: 0x00000000 0x3fc91848 0x00000015 0x4200d148 0x00000000 0x3fc91000 0x3fc92000 0x42002170
3fc9e190: 0x00000000 0x00000000 0x00000000 0x00000000 0x00000000 0x3fc97000 0x00000000 0x4200f560
3fc9e1b0: 0x00000000 0x00000000 0x00000000 0x4038988c 0x00000000 0x00000000 0x00000000 0x00000000
3fc9e1d0: 0x00000000 0xa5a5a5a5 0xa5a5a5a5 0xa5a5a5a5 0xa5a5a5a5 0xa5a5a5a5 0xbaad5678 0x00000160
3fc9e1f0: 0xabba1234 0x00000154 0x3fc9e080 0x000003eb 0x3fc930cc 0x3fc930cc 0x3fc9e1f8 0x3fc930c4
3fc9e210: 0x00000018 0x00000000 0x00000000 0x3fc9e1f8 0x00000000 0x00000001 0x3fc9c1e8 0x706f6f6c
3fc9e230: 0x6b736154 0x00000000 0x00000000 0x00000000 0x3fc9e1e0 0x00000001 0x00000002 0x00000000
3fc9e250: 0x00000000 0x00000000 0x3fc98154 0x3fc981bc 0x3fc98224 0x00000000 0x00000000 0x00000001
3fc9e270: 0x00000000 0x00000000 0x00000000 0x4209c1a4 0x00000000 0x00000000 0x00000000 0x00000000
3fc9e290: 0x00000000 0x00000000 0x00000000 0x00000000 0x00000000 0x00000000 0x00000000 0x00000000
3fc9e2b0: 0x00000000 0x00000000 0x00000000 0x00000000 0x00000000 0x00000000 0x00000000 0x00000000
3fc9e2d0: 0x00000000 0x00000000 0x00000000 0x00000000 0x00000000 0x00000000 0x00000000 0x00000000
3fc9e2f0: 0x00000000 0x00000000 0x00000000 0x00000000 0x00000000 0x00000000 0x00000000 0x00000000
3fc9e310: 0x00000000 0x00000000 0x00000000 0x00000000 0x00000000 0x00000000 0x00000000 0x00000000
3fc9e330: 0x00000000 0x00000000 0x00000000 0x00000000 0x00000000 0x00000000 0xa5000000 0xbaad5678
3fc9e350: 0x00000060 0xabba1234 0x00000054 0x00000000 0x3fc9e35c 0x00000000 0x00000000 0x00000000
3fc9e370: 0x3fc9e374 0xffffffff 0x3fc9e374 0x3fc9e374 0x00000000 0x3fc9e388 0xffffffff 0x3fc9e388
3fc9e390: 0x3fc9e388 0x00000001 0x00000001 0x00000000 0xa500ffff 0x00000000 0xb33fffff 0x00000000
3fc9e3b0: 0xbaad5678 0x00000160 0xabba1234 0x00000154 0x3fc9e414 0x3fc9e414 0x3fc9e514 0x3fc9e513
3fc9e3d0: 0x00000000 0x3fc9e3d8 0xffffffff 0x3fc9e3d8 0x3fc9e3d8 0x00000000 0x3fc9e3ec 0xffffffff
3fc9e3f0: 0x3fc9e3ec 0x3fc9e3ec 0x00000000 0x00000100 0x00000001 0xa500ffff 0x00000000 0xb33fffff
3fc9e410: 0x00000000 0xa5a5a5a5 0xa5a5a5a5 0xa5a5a5a5 0xa5a5a5a5 0xa5a5a5a5 0xa5a5a5a5 0xa5a5a5a5
3fc9e430: 0xa5a5a5a5 0xa5a5a5a5 0xa5a5a5a5 0xa5a5a5a5 0xa5a5a5a5 0xa5a5a5a5 0xa5a5a5a5 0xa5a5a5a5
3fc9e450: 0xa5a5a5a5 0xa5a5a5a5 0xa5a5a5a5 0xa5a5a5a5 0xa5a5a5a5 0xa5a5a5a5 0xa5a5a5a5 0xa5a5a5a5
3fc9e470: 0xa5a5a5a5 0xa5a5a5a5 0xa5a5a5a5 0xa5a5a5a5 0xa5a5a5a5 0xa5a5a5a5 0xa5a5a5a5 0xa5a5a5a5
3fc9e490: 0xa5a5a5a5 0xa5a5a5a5 0xa5a5a5a5 0xa5a5a5a5 0xa5a5a5a5 0xa5a5a5a5 0xa5a5a5a5 0xa5a5a5a5
3fc9e4b0: 0xa5a5a5a5 0xa5a5a5a5 0xa5a5a5a5 0xa5a5a5a5 0xa5a5a5a5 0xa5a5a5a5 0xa5a5a5a5 0xa5a5a5a5
3fc9e4d0: 0xa5a5a5a5 0xa5a5a5a5 0xa5a5a5a5 0xa5a5a5a5 0xa5a5a5a5 0xa5a5a5a5 0xa5a5a5a5 0xa5a5a5a5
3fc9e4f0: 0xa5a5a5a5 0xa5a5a5a5 0xa5a5a5a5 0xa5a5a5a5 0xa5a5a5a5 0xa5a5a5a5 0xa5a5a5a5 0xa5a5a5a5
3fc9e510: 0xa5a5a5a5 0xbaad5678 0x000000f8 0xabba1234 0x000000ec 0x00000100 0x00000100 0x00000002
3fc9e530: 0x4038655c 0x40386052 0x40385946 0x40386500 0x403864e4 0x3fc9e643 0x3fc9e643 0x3fc9e643



ELF file SHA256: 90ae28fade45912f

Rebooting...
ESP-ROM:esp32c3-api1-20210207
Build:Feb  7 2021
rst:0x3 (RTC_SW_SYS_RST),boot:0xd (SPI_FAST_FLASH_BOOT)
Saved PC:0x4038202c
SPIWP:0xee
mode:DIO, clock div:1
load:0x3fcd5810,len:0x438
load:0x403cc710,len:0x90c
load:0x403ce710,len:0x2624
entry 0x403cc710
Booting...
Calling tft.init()...
Guru Meditation Error: Core  0 panic'ed (Store access fault). Exception was unhandled.

Core  0 register dump:
MEPC    : 0x420037aa  RA      : 0x4200379a  SP      : 0x3fc9e150  GP      : 0x3fc8e200  
TP      : 0x3fc7d2dc  T0      : 0x00000000  T1      : 0xffc3ffff  T2      : 0x00000001  
S0/FP   : 0x60004000  S1      : 0x3fc91570  A0      : 0x00000001  A1      : 0xffffffff  
A2      : 0x00000000  A3      : 0x00000000  A4      : 0x08000000  A5      : 0x00000010  
A6      : 0x00000003  A7      : 0x04c4b400  S2      : 0x00000000  S3      : 0x00000000  
S4      : 0x00000000  S5      : 0x00000000  S6      : 0x00000000  S7      : 0x00000000  
S8      : 0x00000000  S9      : 0x00000000  S10     : 0x00000000  S11     : 0x00000000  
T3      : 0x00000000  T4      : 0x0000000f  T5      : 0x003c0000  T6      : 0x00000003  
MSTATUS : 0x00001881  MTVEC   : 0x40380001  MCAUSE  : 0x00000007  MTVAL   : 0x00000010  
MHARTID : 0x00000000  

Stack memory:
3fc9e150: 0x00000000 0x3fc97000 0x00989680 0x00000001 0x00000001 0x3fc97000 0x3fc91570 0x42003ad2
3fc9e170: 0x00000000 0x3fc91848 0x00000015 0x4200d148 0x00000000 0x3fc91000 0x3fc92000 0x42002170
3fc9e190: 0x00000000 0x00000000 0x00000000 0x00000000 0x00000000 0x3fc97000 0x00000000 0x4200f560
3fc9e1b0: 0x00000000 0x00000000 0x00000000 0x4038988c 0x00000000 0x00000000 0x00000000 0x00000000
3fc9e1d0: 0x00000000 0xa5a5a5a5 0xa5a5a5a5 0xa5a5a5a5 0xa5a5a5a5 0xa5a5a5a5 0xbaad5678 0x00000160
3fc9e1f0: 0xabba1234 0x00000154 0x3fc9e0d0 0x000003eb 0x3fc930cc 0x3fc930cc 0x3fc9e1f8 0x3fc930c4
3fc9e210: 0x00000018 0x00000000 0x00000000 0x3fc9e1f8 0x00000000 0x00000001 0x3fc9c1e8 0x706f6f6c
3fc9e230: 0x6b736154 0x00000000 0x00000000 0x00000000 0x3fc9e1e0 0x00000001 0x00000002 0x00000000
3fc9e250: 0x00000000 0x00000000 0x3fc98154 0x3fc981bc 0x3fc98224 0x00000000 0x00000000 0x00000001
3fc9e270: 0x00000000 0x00000000 0x00000000 0x4209c1a4 0x00000000 0x00000000 0x00000000 0x00000000
3fc9e290: 0x00000000 0x00000000 0x00000000 0x00000000 0x00000000 0x00000000 0x00000000 0x00000000
3fc9e2b0: 0x00000000 0x00000000 0x00000000 0x00000000 0x00000000 0x00000000 0x00000000 0x00000000
3fc9e2d0: 0x00000000 0x00000000 0x00000000 0x00000000 0x00000000 0x00000000 0x00000000 0x00000000
3fc9e2f0: 0x00000000 0x00000000 0x00000000 0x00000000 0x00000000 0x00000000 0x00000000 0x00000000
3fc9e310: 0x00000000 0x00000000 0x00000000 0x00000000 0x00000000 0x00000000 0x00000000 0x00000000
3fc9e330: 0x00000000 0x00000000 0x00000000 0x00000000 0x00000000 0x00000000 0xa5000000 0xbaad5678
3fc9e350: 0x00000060 0xabba1234 0x00000054 0x00000000 0x3fc9e35c 0x00000000 0x00000000 0x00000000
3fc9e370: 0x3fc9e374 0xffffffff 0x3fc9e374 0x3fc9e374 0x00000000 0x3fc9e388 0xffffffff 0x3fc9e388
3fc9e390: 0x3fc9e388 0x00000001 0x00000001 0x00000000 0xa500ffff 0x00000000 0xb33fffff 0x00000000
3fc9e3b0: 0xbaad5678 0x00000160 0xabba1234 0x00000154 0x3fc9e414 0x3fc9e414 0x3fc9e514 0x3fc9e513
3fc9e3d0: 0x00000000 0x3fc9e3d8 0xffffffff 0x3fc9e3d8 0x3fc9e3d8 0x00000000 0x3fc9e3ec 0xffffffff
3fc9e3f0: 0x3fc9e3ec 0x3fc9e3ec 0x00000000 0x00000100 0x00000001 0xa500ffff 0x00000000 0xb33fffff
3fc9e410: 0x00000000 0xa5a5a5a5 0xa5a5a5a5 0xa5a5a5a5 0xa5a5a5a5 0xa5a5a5a5 0xa5a5a5a5 0xa5a5a5a5
3fc9e430: 0xa5a5a5a5 0xa5a5a5a5 0xa5a5a5a5 0xa5a5a5a5 0xa5a5a5a5 0xa5a5a5a5 0xa5a5a5a5 0xa5a5a5a5
3fc9e450: 0xa5a5a5a5 0xa5a5a5a5 0xa5a5a5a5 0xa5a5a5a5 0xa5a5a5a5 0xa5a5a5a5 0xa5a5a5a5 0xa5a5a5a5
3fc9e470: 0xa5a5a5a5 0xa5a5a5a5 0xa5a5a5a5 0xa5a5a5a5 0xa5a5a5a5 0xa5a5a5a5 0xa5a5a5a5 0xa5a5a5a5
3fc9e490: 0xa5a5a5a5 0xa5a5a5a5 0xa5a5a5a5 0xa5a5a5a5 0xa5a5a5a5 0xa5a5a5a5 0xa5a5a5a5 0xa5a5a5a5
3fc9e4b0: 0xa5a5a5a5 0xa5a5a5a5 0xa5a5a5a5 0xa5a5a5a5 0xa5a5a5a5 0xa5a5a5a5 0xa5a5a5a5 0xa5a5a5a5
3fc9e4d0: 0xa5a5a5a5 0xa5a5a5a5 0xa5a5a5a5 0xa5a5a5a5 0xa5a5a5a5 0xa5a5a5a5 0xa5a5a5a5 0xa5a5a5a5
3fc9e4f0: 0xa5a5a5a5 0xa5a5a5a5 0xa5a5a5a5 0xa5a5a5a5 0xa5a5a5a5 0xa5a5a5a5 0xa5a5a5a5 0xa5a5a5a5
3fc9e510: 0xa5a5a5a5 0xbaad5678 0x000000f8 0xabba1234 0x000000ec 0x00000100 0x00000100 0x00000002
3fc9e530: 0x4038655c 0x40386052 0x40385946 0x40386500 0x403864e4 0x3fc9e643 0x3fc9e643 0x3fc9e643



ELF file SHA256: 90ae28fade45912f

Rebooting...
ESP-ROM:esp32c3-api1-20210207
Build:Feb  7 2021
rst:0x3 (RTC_SW_SYS_RST),boot:0xd (SPI_FAST_FLASH_BOOT)
Saved PC:0x4038202c
SPIWP:0xee
mode:DIO, clock div:1
load:0x3fcd5810,len:0x438
load:0x403cc710,len:0x90c
load:0x403ce710,len:0x2624
entry 0x403cc710
Booting...
Calling tft.init()...
Guru Meditation Error: Core  0 panic'ed (Store access fault). Exception was unhandled.

Core  0 register dump:
MEPC    : 0x420037aa  RA      : 0x4200379a  SP      : 0x3fc9e150  GP      : 0x3fc8e200  
TP      : 0x3fc7d2dc  T0      : 0x00000000  T1      : 0xffc3ffff  T2      : 0x00000001  
S0/FP   : 0x60004000  S1      : 0x3fc91570  A0      : 0x00000001  A1      : 0xffffffff  
A2      : 0x00000000  A3      : 0x00000000  A4      : 0x08000000  A5      : 0x00000010  
A6      : 0x00000003  A7      : 0x04c4b400  S2      : 0x00000000  S3      : 0x00000000  
S4      : 0x00000000  S5      : 0x00000000  S6      : 0x00000000  S7      : 0x00000000  
S8      : 0x00000000  S9      : 0x00000000  S10     : 0x00000000  S11     : 0x00000000  
T3      : 0x00000000  T4      : 0x0000000f  T5      : 0x003c0000  T6      : 0x00000003  
MSTATUS : 0x00001881  MTVEC   : 0x40380001  MCAUSE  : 0x00000007  MTVAL   : 0x00000010  
MHARTID : 0x00000000  

Stack memory:
3fc9e150: 0x00000000 0x3fc97000 0x00989680 0x00000001 0x00000001 0x3fc97000 0x3fc91570 0x42003ad2
3fc9e170: 0x00000000 0x3fc91848 0x00000015 0x4200d148 0x00000000 0x3fc91000 0x3fc92000 0x42002170
3fc9e190: 0x00000000 0x00000000 0x00000000 0x00000000 0x00000000 0x3fc97000 0x00000000 0x4200f560
3fc9e1b0: 0x00000000 0x00000000 0x00000000 0x4038988c 0x00000000 0x00000000 0x00000000 0x00000000
3fc9e1d0: 0x00000000 0xa5a5a5a5 0xa5a5a5a5 0xa5a5a5a5 0xa5a5a5a5 0xa5a5a5a5 0xbaad5678 0x00000160
3fc9e1f0: 0xabba1234 0x00000154 0x3fc9e070 0x000003eb 0x3fc930cc 0x3fc930cc 0x3fc9e1f8 0x3fc930c4
3fc9e210: 0x00000018 0x00000000 0x00000000 0x3fc9e1f8 0x00000000 0x00000001 0x3fc9c1e8 0x706f6f6c
3fc9e230: 0x6b736154 0x00000000 0x00000000 0x00000000 0x3fc9e1e0 0x00000001 0x00000002 0x00000000
3fc9e250: 0x00000000 0x00000000 0x3fc98154 0x3fc981bc 0x3fc98224 0x00000000 0x00000000 0x00000001
3fc9e270: 0x00000000 0x00000000 0x00000000 0x4209c1a4 0x00000000 0x00000000 0x00000000 0x00000000
3fc9e290: 0x00000000 0x00000000 0x00000000 0x00000000 0x00000000 0x00000000 0x00000000 0x00000000
3fc9e2b0: 0x00000000 0x00000000 0x00000000 0x00000000 0x00000000 0x00000000 0x00000000 0x00000000
3fc9e2d0: 0x00000000 0x00000000 0x00000000 0x00000000 0x00000000 0x00000000 0x00000000 0x00000000
3fc9e2f0: 0x00000000 0x00000000 0x00000000 0x00000000 0x00000000 0x00000000 0x00000000 0x00000000
3fc9e310: 0x00000000 0x00000000 0x00000000 0x00000000 0x00000000 0x00000000 0x00000000 0x00000000
3fc9e330: 0x00000000 0x00000000 0x00000000 0x00000000 0x00000000 0x00000000 0xa5000000 0xbaad5678
3fc9e350: 0x00000060 0xabba1234 0x00000054 0x00000000 0x3fc9e35c 0x00000000 0x00000000 0x00000000
3fc9e370: 0x3fc9e374 0xffffffff 0x3fc9e374 0x3fc9e374 0x00000000 0x3fc9e388 0xffffffff 0x3fc9e388
3fc9e390: 0x3fc9e388 0x00000001 0x00000001 0x00000000 0xa500ffff 0x00000000 0xb33fffff 0x00000000
3fc9e3b0: 0xbaad5678 0x00000160 0xabba1234 0x00000154 0x3fc9e414 0x3fc9e414 0x3fc9e514 0x3fc9e513
3fc9e3d0: 0x00000000 0x3fc9e3d8 0xffffffff 0x3fc9e3d8 0x3fc9e3d8 0x00000000 0x3fc9e3ec 0xffffffff
3fc9e3f0: 0x3fc9e3ec 0x3fc9e3ec 0x00000000 0x00000100 0x00000001 0xa500ffff 0x00000000 0xb33fffff
3fc9e410: 0x00000000 0xa5a5a5a5 0xa5a5a5a5 0xa5a5a5a5 0xa5a5a5a5 0xa5a5a5a5 0xa5a5a5a5 0xa5a5a5a5
3fc9e430: 0xa5a5a5a5 0xa5a5a5a5 0xa5a5a5a5 0xa5a5a5a5 0xa5a5a5a5 0xa5a5a5a5 0xa5a5a5a5 0xa5a5a5a5
3fc9e450: 0xa5a5a5a5 0xa5a5a5a5 0xa5a5a5a5 0xa5a5a5a5 0xa5a5a5a5 0xa5a5a5a5 0xa5a5a5a5 0xa5a5a5a5
3fc9e470: 0xa5a5a5a5 0xa5a5a5a5 0xa5a5a5a5 0xa5a5a5a5 0xa5a5a5a5 0xa5a5a5a5 0xa5a5a5a5 0xa5a5a5a5
3fc9e490: 0xa5a5a5a5 0xa5a5a5a5 0xa5a5a5a5 0xa5a5a5a5 0xa5a5a5a5 0xa5a5a5a5 0xa5a5a5a5 0xa5a5a5a5
3fc9e4b0: 0xa5a5a5a5 0xa5a5a5a5 0xa5a5a5a5 0xa5a5a5a5 0xa5a5a5a5 0xa5a5a5a5 0xa5a5a5a5 0xa5a5a5a5
3fc9e4d0: 0xa5a5a5a5 0xa5a5a5a5 0xa5a5a5a5 0xa5a5a5a5 0xa5a5a5a5 0xa5a5a5a5 0xa5a5a5a5 0xa5a5a5a5
3fc9e4f0: 0xa5a5a5a5 0xa5a5a5a5 0xa5a5a5a5 0xa5a5a5a5 0xa5a5a5a5 0xa5a5a5a5 0xa5a5a5a5 0xa5a5a5a5
3fc9e510: 0xa5a5a5a5 0xbaad5678 0x000000f8 0xabba1234 0x000000ec 0x00000100 0x00000100 0x00000002
3fc9e530: 0x4038655c 0x40386052 0x40385946 0x40386500 0x403864e4 0x3fc9e643 0x3fc9e643 0x3fc9e643



ELF file SHA256: 90ae28fade45912f

Rebooting...
ESP-ROM:esp32c3-api1-20210207
Build:Feb  7 2021
rst:0x3 (RTC_SW_SYS_RST),boot:0xd (SPI_FAST_FLASH_BOOT)
Saved PC:0x4038202c
SPIWP:0xee
mode:DIO, clock div:1
load:0x3fcd5810,len:0x438
load:0x403cc710,len:0x90c
load:0x403ce710,len:0x2624
entry 0x403cc710
Booting...
Calling tft.init()...
Guru Meditation Error: Core  0 panic'ed (Store access fault). Exception was unhandled.

Core  0 register dump:
MEPC    : 0x420037aa  RA      : 0x4200379a  SP      : 0x3fc9e150  GP      : 0x3fc8e200  
TP      : 0x3fc7d2dc  T0      : 0x00000000  T1      : 0xffc3ffff  T2      : 0x00000001  
S0/FP   : 0x60004000  S1      : 0x3fc91570  A0      : 0x00000001  A1      : 0xffffffff  
A2      : 0x00000000  A3      : 0x00000000  A4      : 0x08000000  A5      : 0x00000010  
A6      : 0x00000003  A7      : 0x04c4b400  S2      : 0x00000000  S3      : 0x00000000  
S4      : 0x00000000  S5      : 0x00000000  S6      : 0x00000000  S7      : 0x00000000  
S8      : 0x00000000  S9      : 0x00000000  S10     : 0x00000000  S11     : 0x00000000  
T3      : 0x00000000  T4      : 0x0000000f  T5      : 0x003c0000  T6      : 0x00000003  
MSTATUS : 0x00001881  MTVEC   : 0x40380001  MCAUSE  : 0x00000007  MTVAL   : 0x00000010  
MHARTID : 0x00000000  

Stack memory:
3fc9e150: 0x00000000 0x3fc97000 0x00989680 0x00000001 0x00000001 0x3fc97000 0x3fc91570 0x42003ad2
3fc9e170: 0x00000000 0x3fc91848 0x00000015 0x4200d148 0x00000000 0x3fc91000 0x3fc92000 0x42002170
3fc9e190: 0x00000000 0x00000000 0x00000000 0x00000000 0x00000000 0x3fc97000 0x00000000 0x4200f560
3fc9e1b0: 0x00000000 0x00000000 0x00000000 0x4038988c 0x00000000 0x00000000 0x00000000 0x00000000
3fc9e1d0: 0x00000000 0xa5a5a5a5 0xa5a5a5a5 0xa5a5a5a5 0xa5a5a5a5 0xa5a5a5a5 0xbaad5678 0x00000160
3fc9e1f0: 0xabba1234 0x00000154 0x3fc9e050 0x000003eb 0x3fc930cc 0x3fc930cc 0x3fc9e1f8 0x3fc930c4
3fc9e210: 0x00000018 0x00000000 0x00000000 0x3fc9e1f8 0x00000000 0x00000001 0x3fc9c1e8 0x706f6f6c
3fc9e230: 0x6b736154 0x00000000 0x00000000 0x00000000 0x3fc9e1e0 0x00000001 0x00000002 0x00000000
3fc9e250: 0x00000000 0x00000000 0x3fc98154 0x3fc981bc 0x3fc98224 0x00000000 0x00000000 0x00000001
3fc9e270: 0x00000000 0x00000000 0x00000000 0x4209c1a4 0x00000000 0x00000000 0x00000000 0x00000000
3fc9e290: 0x00000000 0x00000000 0x00000000 0x00000000 0x00000000 0x00000000 0x00000000 0x00000000
3fc9e2b0: 0x00000000 0x00000000 0x00000000 0x00000000 0x00000000 0x00000000 0x00000000 0x00000000
3fc9e2d0: 0x00000000 0x00000000 0x00000000 0x00000000 0x00000000 0x00000000 0x00000000 0x00000000
3fc9e2f0: 0x00000000 0x00000000 0x00000000 0x00000000 0x00000000 0x00000000 0x00000000 0x00000000
3fc9e310: 0x00000000 0x00000000 0x00000000 0x00000000 0x00000000 0x00000000 0x00000000 0x00000000
3fc9e330: 0x00000000 0x00000000 0x00000000 0x00000000 0x00000000 0x00000000 0xa5000000 0xbaad5678
3fc9e350: 0x00000060 0xabba1234 0x00000054 0x00000000 0x3fc9e35c 0x00000000 0x00000000 0x00000000
3fc9e370: 0x3fc9e374 0xffffffff 0x3fc9e374 0x3fc9e374 0x00000000 0x3fc9e388 0xffffffff 0x3fc9e388
3fc9e390: 0x3fc9e388 0x00000001 0x00000001 0x00000000 0xa500ffff 0x00000000 0xb33fffff 0x00000000
3fc9e3b0: 0xbaad5678 0x00000160 0xabba1234 0x00000154 0x3fc9e414 0x3fc9e414 0x3fc9e514 0x3fc9e513
3fc9e3d0: 0x00000000 0x3fc9e3d8 0xffffffff 0x3fc9e3d8 0x3fc9e3d8 0x00000000 0x3fc9e3ec 0xffffffff
3fc9e3f0: 0x3fc9e3ec 0x3fc9e3ec 0x00000000 0x00000100 0x00000001 0xa500ffff 0x00000000 0xb33fffff
3fc9e410: 0x00000000 0xa5a5a5a5 0xa5a5a5a5 0xa5a5a5a5 0xa5a5a5a5 0xa5a5a5a5 0xa5a5a5a5 0xa5a5a5a5
3fc9e430: 0xa5a5a5a5 0xa5a5a5a5 0xa5a5a5a5 0xa5a5a5a5 0xa5a5a5a5 0xa5a5a5a5 0xa5a5a5a5 0xa5a5a5a5
3fc9e450: 0xa5a5a5a5 0xa5a5a5a5 0xa5a5a5a5 0xa5a5a5a5 0xa5a5a5a5 0xa5a5a5a5 0xa5a5a5a5 0xa5a5a5a5
3fc9e470: 0xa5a5a5a5 0xa5a5a5a5 0xa5a5a5a5 0xa5a5a5a5 0xa5a5a5a5 0xa5a5a5a5 0xa5a5a5a5 0xa5a5a5a5
3fc9e490: 0xa5a5a5a5 0xa5a5a5a5 0xa5a5a5a5 0xa5a5a5a5 0xa5a5a5a5 0xa5a5a5a5 0xa5a5a5a5 0xa5a5a5a5
3fc9e4b0: 0xa5a5a5a5 0xa5a5a5a5 0xa5a5a5a5 0xa5a5a5a5 0xa5a5a5a5 0xa5a5a5a5 0xa5a5a5a5 0xa5a5a5a5
3fc9e4d0: 0xa5a5a5a5 0xa5a5a5a5 0xa5a5a5a5 0xa5a5a5a5 0xa5a5a5a5 0xa5a5a5a5 0xa5a5a5a5 0xa5a5a5a5
3fc9e4f0: 0xa5a5a5a5 0xa5a5a5a5 0xa5a5a5a5 0xa5a5a5a5 0xa5a5a5a5 0xa5a5a5a5 0xa5a5a5a5 0xa5a5a5a5
3fc9e510: 0xa5a5a5a5 0xbaad5678 0x000000f8 0xabba1234 0x000000ec 0x00000100 0x00000100 0x00000002
3fc9e530: 0x4038655c 0x40386052 0x40385946 0x40386500 0x403864e4 0x3fc9e643 0x3fc9e643 0x3fc9e643



ELF file SHA256: 90ae28fade45912f

Rebooting...
ESP-ROM:esp32c3-api1-20210207
Build:Feb  7 2021
rst:0x3 (RTC_SW_SYS_RST),boot:0xd (SPI_FAST_FLASH_BOOT)
Saved PC:0x4038202c
SPIWP:0xee
mode:DIO, clock div:1
load:0x3fcd5810,len:0x438
load:0x403cc710,len:0x90c
load:0x403ce710,len:0x2624
entry 0x403cc710
Booting...
Calling tft.init()...
Guru Meditation Error: Core  0 panic'ed (Store access fault). Exception was unhandled.

Core  0 register dump:
MEPC    : 0x420037aa  RA      : 0x4200379a  SP      : 0x3fc9e150  GP      : 0x3fc8e200  
TP      : 0x3fc7d2dc  T0      : 0x00000000  T1      : 0xffc3ffff  T2      : 0x00000001  
S0/FP   : 0x60004000  S1      : 0x3fc91570  A0      : 0x00000001  A1      : 0xffffffff  
A2      : 0x00000000  A3      : 0x00000000  A4      : 0x08000000  A5      : 0x00000010  
A6      : 0x00000003  A7      : 0x04c4b400  S2      : 0x00000000  S3      : 0x00000000  
S4      : 0x00000000  S5      : 0x00000000  S6      : 0x00000000  S7      : 0x00000000  
S8      : 0x00000000  S9      : 0x00000000  S10     : 0x00000000  S11     : 0x00000000  
T3      : 0x00000000  T4      : 0x0000000f  T5      : 0x003c0000  T6      : 0x00000003  
MSTATUS : 0x00001881  MTVEC   : 0x40380001  MCAUSE  : 0x00000007  MTVAL   : 0x00000010  
MHARTID : 0x00000000  

Stack memory:
3fc9e150: 0x00000000 0x3fc97000 0x00989680 0x00000001 0x00000001 0x3fc97000 0x3fc91570 0x42003ad2
3fc9e170: 0x00000000 0x3fc91848 0x00000015 0x4200d148 0x00000000 0x3fc91000 0x3fc92000 0x42002170
3fc9e190: 0x00000000 0x00000000 0x00000000 0x00000000 0x00000000 0x3fc97000 0x00000000 0x4200f560
3fc9e1b0: 0x00000000 0x00000000 0x00000000 0x4038988c 0x00000000 0x00000000 0x00000000 0x00000000
3fc9e1d0: 0x00000000 0xa5a5a5a5 0xa5a5a5a5 0xa5a5a5a5 0xa5a5a5a5 0xa5a5a5a5 0xbaad5678 0x00000160
3fc9e1f0: 0xabba1234 0x00000154 0x3fc9e0d0 0x000003eb 0x3fc930cc 0x3fc930cc 0x3fc9e1f8 0x3fc930c4
3fc9e210: 0x00000018 0x00000000 0x00000000 0x3fc9e1f8 0x00000000 0x00000001 0x3fc9c1e8 0x706f6f6c
3fc9e230: 0x6b736154 0x00000000 0x00000000 0x00000000 0x3fc9e1e0 0x00000001 0x00000002 0x00000000
3fc9e250: 0x00000000 0x00000000 0x3fc98154 0x3fc981bc 0x3fc98224 0x00000000 0x00000000 0x00000001
3fc9e270: 0x00000000 0x00000000 0x00000000 0x4209c1a4 0x00000000 0x00000000 0x00000000 0x00000000
3fc9e290: 0x00000000 0x00000000 0x00000000 0x00000000 0x00000000 0x00000000 0x00000000 0x00000000
3fc9e2b0: 0x00000000 0x00000000 0x00000000 0x00000000 0x00000000 0x00000000 0x00000000 0x00000000
3fc9e2d0: 0x00000000 0x00000000 0x00000000 0x00000000 0x00000000 0x00000000 0x00000000 0x00000000
3fc9e2f0: 0x00000000 0x00000000 0x00000000 0x00000000 0x00000000 0x00000000 0x00000000 0x00000000
3fc9e310: 0x00000000 0x00000000 0x00000000 0x00000000 0x00000000 0x00000000 0x00000000 0x00000000
3fc9e330: 0x00000000 0x00000000 0x00000000 0x00000000 0x00000000 0x00000000 0xa5000000 0xbaad5678
3fc9e350: 0x00000060 0xabba1234 0x00000054 0x00000000 0x3fc9e35c 0x00000000 0x00000000 0x00000000
3fc9e370: 0x3fc9e374 0xffffffff 0x3fc9e374 0x3fc9e374 0x00000000 0x3fc9e388 0xffffffff 0x3fc9e388
3fc9e390: 0x3fc9e388 0x00000001 0x00000001 0x00000000 0xa500ffff 0x00000000 0xb33fffff 0x00000000
3fc9e3b0: 0xbaad5678 0x00000160 0xabba1234 0x00000154 0x3fc9e414 0x3fc9e414 0x3fc9e514 0x3fc9e513
3fc9e3d0: 0x00000000 0x3fc9e3d8 0xffffffff 0x3fc9e3d8 0x3fc9e3d8 0x00000000 0x3fc9e3ec 0xffffffff
3fc9e3f0: 0x3fc9e3ec 0x3fc9e3ec 0x00000000 0x00000100 0x00000001 0xa500ffff 0x00000000 0xb33fffff
3fc9e410: 0x00000000 0xa5a5a5a5 0xa5a5a5a5 0xa5a5a5a5 0xa5a5a5a5 0xa5a5a5a5 0xa5a5a5a5 0xa5a5a5a5
3fc9e430: 0xa5a5a5a5 0xa5a5a5a5 0xa5a5a5a5 0xa5a5a5a5 0xa5a5a5a5 0xa5a5a5a5 0xa5a5a5a5 0xa5a5a5a5
3fc9e450: 0xa5a5a5a5 0xa5a5a5a5 0xa5a5a5a5 0xa5a5a5a5 0xa5a5a5a5 0xa5a5a5a5 0xa5a5a5a5 0xa5a5a5a5
3fc9e470: 0xa5a5a5a5 0xa5a5a5a5 0xa5a5a5a5 0xa5a5a5a5 0xa5a5a5a5 0xa5a5a5a5 0xa5a5a5a5 0xa5a5a5a5
3fc9e490: 0xa5a5a5a5 0xa5a5a5a5 0xa5a5a5a5 0xa5a5a5a5 0xa5a5a5a5 0xa5a5a5a5 0xa5a5a5a5 0xa5a5a5a5
3fc9e4b0: 0xa5a5a5a5 0xa5a5a5a5 0xa5a5a5a5 0xa5a5a5a5 0xa5a5a5a5 0xa5a5a5a5 0xa5a5a5a5 0xa5a5a5a5
3fc9e4d0: 0xa5a5a5a5 0xa5a5a5a5 0xa5a5a5a5 0xa5a5a5a5 0xa5a5a5a5 0xa5a5a5a5 0xa5a5a5a5 0xa5a5a5a5
3fc9e4f0: 0xa5a5a5a5 0xa5a5a5a5 0xa5a5a5a5 0xa5a5a5a5 0xa5a5a5a5 0xa5a5a5a5 0xa5a5a5a5 0xa5a5a5a5
3fc9e510: 0xa5a5a5a5 0xbaad5678 0x000000f8 0xabba1234 0x000000ec 0x00000100 0x00000100 0x00000002
3fc9e530: 0x4038655c 0x40386052 0x40385946 0x40386500 0x403864e4 0x3fc9e643 0x3fc9e643 0x3fc9e643



ELF file SHA256: 90ae28fade45912f

Rebooting...
ESP-ROM:esp32c3-api1-20210207
Build:Feb  7 2021
rst:0x3 (RTC_SW_SYS_RST),boot:0xd (SPI_FAST_FLASH_BOOT)
Saved PC:0x4038202c
SPIWP:0xee
mode:DIO, clock div:1
load:0x3fcd5810,len:0x438
load:0x403cc710,len:0x90c
load:0x403ce710,len:0x2624
entry 0x403cc710
Booting...
Calling tft.init()...
Guru Meditation Error: Core  0 panic'ed (Store access fault). Exception was unhandled.

Core  0 register dump:
MEPC    : 0x420037aa  RA      : 0x4200379a  SP      : 0x3fc9e150  GP      : 0x3fc8e200  
TP      : 0x3fc7d2dc  T0      : 0x00000000  T1      : 0xffc3ffff  T2      : 0x00000001  
S0/FP   : 0x60004000  S1      : 0x3fc91570  A0      : 0x00000001  A1      : 0xffffffff  
A2      : 0x00000000  A3      : 0x00000000  A4      : 0x08000000  A5      : 0x00000010  
A6      : 0x00000003  A7      : 0x04c4b400  S2      : 0x00000000  S3      : 0x00000000  
S4      : 0x00000000  S5      : 0x00000000  S6      : 0x00000000  S7      : 0x00000000  
S8      : 0x00000000  S9      : 0x00000000  S10     : 0x00000000  S11     : 0x00000000  
T3      : 0x00000000  T4      : 0x0000000f  T5      : 0x003c0000  T6      : 0x00000003  
MSTATUS : 0x00001881  MTVEC   : 0x40380001  MCAUSE  : 0x00000007  MTVAL   : 0x00000010  
MHARTID : 0x00000000  

Stack memory:
3fc9e150: 0x00000000 0x3fc97000 0x00989680 0x00000001 0x00000001 0x3fc97000 0x3fc91570 0x42003ad2
3fc9e170: 0x00000000 0x3fc91848 0x00000015 0x4200d148 0x00000000 0x3fc91000 0x3fc92000 0x42002170
3fc9e190: 0x00000000 0x00000000 0x00000000 0x00000000 0x00000000 0x3fc97000 0x00000000 0x4200f560
3fc9e1b0: 0x00000000 0x00000000 0x00000000 0x4038988c 0x00000000 0x00000000 0x00000000 0x00000000
3fc9e1d0: 0x00000000 0xa5a5a5a5 0xa5a5a5a5 0xa5a5a5a5 0xa5a5a5a5 0xa5a5a5a5 0xbaad5678 0x00000160
3fc9e1f0: 0xabba1234 0x00000154 0x3fc9e080 0x000003eb 0x3fc930cc 0x3fc930cc 0x3fc9e1f8 0x3fc930c4
3fc9e210: 0x00000018 0x00000000 0x00000000 0x3fc9e1f8 0x00000000 0x00000001 0x3fc9c1e8 0x706f6f6c
3fc9e230: 0x6b736154 0x00000000 0x00000000 0x00000000 0x3fc9e1e0 0x00000001 0x00000002 0x00000000
3fc9e250: 0x00000000 0x00000000 0x3fc98154 0x3fc981bc 0x3fc98224 0x00000000 0x00000000 0x00000001
3fc9e270: 0x00000000 0x00000000 0x00000000 0x4209c1a4 0x00000000 0x00000000 0x00000000 0x00000000
3fc9e290: 0x00000000 0x00000000 0x00000000 0x00000000 0x00000000 0x00000000 0x00000000 0x00000000
3fc9e2b0: 0x00000000 0x00000000 0x00000000 0x00000000 0x00000000 0x00000000 0x00000000 0x00000000
3fc9e2d0: 0x00000000 0x00000000 0x00000000 0x00000000 0x00000000 0x00000000 0x00000000 0x00000000
3fc9e2f0: 0x00000000 0x00000000 0x00000000 0x00000000 0x00000000 0x00000000 0x00000000 0x00000000
3fc9e310: 0x00000000 0x00000000 0x00000000 0x00000000 0x00000000 0x00000000 0x00000000 0x00000000
3fc9e330: 0x00000000 0x00000000 0x00000000 0x00000000 0x00000000 0x00000000 0xa5000000 0xbaad5678
3fc9e350: 0x00000060 0xabba1234 0x00000054 0x00000000 0x3fc9e35c 0x00000000 0x00000000 0x00000000
3fc9e370: 0x3fc9e374 0xffffffff 0x3fc9e374 0x3fc9e374 0x00000000 0x3fc9e388 0xffffffff 0x3fc9e388
3fc9e390: 0x3fc9e388 0x00000001 0x00000001 0x00000000 0xa500ffff 0x00000000 0xb33fffff 0x00000000
3fc9e3b0: 0xbaad5678 0x00000160 0xabba1234 0x00000154 0x3fc9e414 0x3fc9e414 0x3fc9e514 0x3fc9e513
3fc9e3d0: 0x00000000 0x3fc9e3d8 0xffffffff 0x3fc9e3d8 0x3fc9e3d8 0x00000000 0x3fc9e3ec 0xffffffff
3fc9e3f0: 0x3fc9e3ec 0x3fc9e3ec 0x00000000 0x00000100 0x00000001 0xa500ffff 0x00000000 0xb33fffff
3fc9e410: 0x00000000 0xa5a5a5a5 0xa5a5a5a5 0xa5a5a5a5 0xa5a5a5a5 0xa5a5a5a5 0xa5a5a5a5 0xa5a5a5a5
3fc9e430: 0xa5a5a5a5 0xa5a5a5a5 0xa5a5a5a5 0xa5a5a5a5 0xa5a5a5a5 0xa5a5a5a5 0xa5a5a5a5 0xa5a5a5a5
3fc9e450: 0xa5a5a5a5 0xa5a5a5a5 0xa5a5a5a5 0xa5a5a5a5 0xa5a5a5a5 0xa5a5a5a5 0xa5a5a5a5 0xa5a5a5a5
3fc9e470: 0xa5a5a5a5 0xa5a5a5a5 0xa5a5a5a5 0xa5a5a5a5 0xa5a5a5a5 0xa5a5a5a5 0xa5a5a5a5 0xa5a5a5a5
3fc9e490: 0xa5a5a5a5 0xa5a5a5a5 0xa5a5a5a5 0xa5a5a5a5 0xa5a5a5a5 0xa5a5a5a5 0xa5a5a5a5 0xa5a5a5a5
3fc9e4b0: 0xa5a5a5a5 0xa5a5a5a5 0xa5a5a5a5 0xa5a5a5a5 0xa5a5a5a5 0xa5a5a5a5 0xa5a5a5a5 0xa5a5a5a5
3fc9e4d0: 0xa5a5a5a5 0xa5a5a5a5 0xa5a5a5a5 0xa5a5a5a5 0xa5a5a5a5 0xa5a5a5a5 0xa5a5a5a5 0xa5a5a5a5
3fc9e4f0: 0xa5a5a5a5 0xa5a5a5a5 0xa5a5a5a5 0xa5a5a5a5 0xa5a5a5a5 0xa5a5a5a5 0xa5a5a5a5 0xa5a5a5a5
3fc9e510: 0xa5a5a5a5 0xbaad5678 0x000000f8 0xabba1234 0x000000ec 0x00000100 0x00000100 0x00000002
3fc9e530: 0x4038655c 0x40386052 0x40385946 0x40386500 0x403864e4 0x3fc9e643 0x3fc9e643 0x3fc9e643



ELF file SHA256: 90ae28fade45912f

Rebooting...
ESP-ROM:esp32c3-api1-20210207
Build:Feb  7 2021
rst:0x3 (RTC_SW_SYS_RST),boot:0xd (SPI_FAST_FLASH_BOOT)
Saved PC:0x4038202c
SPIWP:0xee
mode:DIO, clock div:1
load:0x3fcd5810,len:0x438
load:0x403cc710,len:0x90c
load:0x403ce710,len:0x2624
entry 0x403cc710
Booting...
Calling tft.init()...
Guru Meditation Error: Core  0 panic'ed (Store access fault). Exception was unhandled.

Core  0 register dump:
MEPC    : 0x420037aa  RA      : 0x4200379a  SP      : 0x3fc9e150  GP      : 0x3fc8e200  
TP      : 0x3fc7d2dc  T0      : 0x00000000  T1      : 0xffc3ffff  T2      : 0x00000001  
S0/FP   : 0x60004000  S1      : 0x3fc91570  A0      : 0x00000001  A1      : 0xffffffff  
A2      : 0x00000000  A3      : 0x00000000  A4      : 0x08000000  A5      : 0x00000010  
A6      : 0x00000003  A7      : 0x04c4b400  S2      : 0x00000000  S3      : 0x00000000  
S4      : 0x00000000  S5      : 0x00000000  S6      : 0x00000000  S7      : 0x00000000  
S8      : 0x00000000  S9      : 0x00000000  S10     : 0x00000000  S11     : 0x00000000  
T3      : 0x00000000  T4      : 0x0000000f  T5      : 0x003c0000  T6      : 0x00000003  
MSTATUS : 0x00001881  MTVEC   : 0x40380001  MCAUSE  : 0x00000007  MTVAL   : 0x00000010  
MHARTID : 0x00000000  

Stack memory:
3fc9e150: 0x00000000 0x3fc97000 0x00989680 0x00000001 0x00000001 0x3fc97000 0x3fc91570 0x42003ad2
3fc9e170: 0x00000000 0x00000000 0x00000000 0x00000000 0x00000000 0x3fc91000 0x3fc92000 0x42002170
3fc9e190: 0x00000000 0x00000000 0x00000000 0x00000000 0x00000000 0x3fc97000 0x00000000 0x4200f560
3fc9e1b0: 0x00000000 0x00000000 0x00000000 0x4038988c 0x00000000 0x00000000 0x00000000 0x00000000
3fc9e1d0: 0x00000000 0xa5a5a5a5 0xa5a5a5a5 0xa5a5a5a5 0xa5a5a5a5 0xa5a5a5a5 0xbaad5678 0x00000160
3fc9e1f0: 0xabba1234 0x00000154 0x3fc9e050 0x000003eb 0x3fc930cc 0x3fc930cc 0x3fc9e1f8 0x3fc930c4
3fc9e210: 0x00000018 0x00000000 0x00000000 0x3fc9e1f8 0x00000000 0x00000001 0x3fc9c1e8 0x706f6f6c
3fc9e230: 0x6b736154 0x00000000 0x00000000 0x00000000 0x3fc9e1e0 0x00000001 0x00000002 0x00000000
3fc9e250: 0x00000000 0x00000000 0x3fc98154 0x3fc981bc 0x3fc98224 0x00000000 0x00000000 0x00000001
3fc9e270: 0x00000000 0x00000000 0x00000000 0x4209c1a4 0x00000000 0x00000000 0x00000000 0x00000000
3fc9e290: 0x00000000 0x00000000 0x00000000 0x00000000 0x00000000 0x00000000 0x00000000 0x00000000
3fc9e2b0: 0x00000000 0x00000000 0x00000000 0x00000000 0x00000000 0x00000000 0x00000000 0x00000000
3fc9e2d0: 0x00000000 0x00000000 0x00000000 0x00000000 0x00000000 0x00000000 0x00000000 0x00000000
3fc9e2f0: 0x00000000 0x00000000 0x00000000 0x00000000 0x00000000 0x00000000 0x00000000 0x00000000
3fc9e310: 0x00000000 0x00000000 0x00000000 0x00000000 0x00000000 0x00000000 0x00000000 0x00000000
3fc9e330: 0x00000000 0x00000000 0x00000000 0x00000000 0x00000000 0x00000000 0xa5000000 0xbaad5678
3fc9e350: 0x00000060 0xabba1234 0x00000054 0x00000000 0x3fc9e35c 0x00000000 0x00000000 0x00000000
3fc9e370: 0x3fc9e374 0xffffffff 0x3fc9e374 0x3fc9e374 0x00000000 0x3fc9e388 0xffffffff 0x3fc9e388
3fc9e390: 0x3fc9e388 0x00000001 0x00000001 0x00000000 0xa500ffff 0x00000000 0xb33fffff 0x00000000
3fc9e3b0: 0xbaad5678 0x00000160 0xabba1234 0x00000154 0x3fc9e414 0x3fc9e414 0x3fc9e514 0x3fc9e513
3fc9e3d0: 0x00000000 0x3fc9e3d8 0xffffffff 0x3fc9e3d8 0x3fc9e3d8 0x00000000 0x3fc9e3ec 0xffffffff
3fc9e3f0: 0x3fc9e3ec 0x3fc9e3ec 0x00000000 0x00000100 0x00000001 0xa500ffff 0x00000000 0xb33fffff
3fc9e410: 0x00000000 0xa5a5a5a5 0xa5a5a5a5 0xa5a5a5a5 0xa5a5a5a5 0xa5a5a5a5 0xa5a5a5a5 0xa5a5a5a5
3fc9e430: 0xa5a5a5a5 0xa5a5a5a5 0xa5a5a5a5 0xa5a5a5a5 0xa5a5a5a5 0xa5a5a5a5 0xa5a5a5a5 0xa5a5a5a5
3fc9e450: 0xa5a5a5a5 0xa5a5a5a5 0xa5a5a5a5 0xa5a5a5a5 0xa5a5a5a5 0xa5a5a5a5 0xa5a5a5a5 0xa5a5a5a5
3fc9e470: 0xa5a5a5a5 0xa5a5a5a5 0xa5a5a5a5 0xa5a5a5a5 0xa5a5a5a5 0xa5a5a5a5 0xa5a5a5a5 0xa5a5a5a5
3fc9e490: 0xa5a5a5a5 0xa5a5a5a5 0xa5a5a5a5 0xa5a5a5a5 0xa5a5a5a5 0xa5a5a5a5 0xa5a5a5a5 0xa5a5a5a5
3fc9e4b0: 0xa5a5a5a5 0xa5a5a5a5 0xa5a5a5a5 0xa5a5a5a5 0xa5a5a5a5 0xa5a5a5a5 0xa5a5a5a5 0xa5a5a5a5
3fc9e4d0: 0xa5a5a5a5 0xa5a5a5a5 0xa5a5a5a5 0xa5a5a5a5 0xa5a5a5a5 0xa5a5a5a5 0xa5a5a5a5 0xa5a5a5a5
3fc9e4f0: 0xa5a5a5a5 0xa5a5a5a5 0xa5a5a5a5 0xa5a5a5a5 0xa5a5a5a5 0xa5a5a5a5 0xa5a5a5a5 0xa5a5a5a5
3fc9e510: 0xa5a5a5a5 0xbaad5678 0x000000f8 0xabba1234 0x000000ec 0x00000100 0x00000100 0x00000002
3fc9e530: 0x4038655c 0x40386052 0x40385946 0x40386500 0x403864e4 0x3fc9e643 0x3fc9e643 0x3fc9e643



ELF file SHA256: 90ae28fade45912f

Rebooting...
ESP-ROM:esp32c3-api1-20210207
Build:Feb  7 2021
rst:0x3 (RTC_SW_SYS_RST),boot:0xd (SPI_FAST_FLASH_BOOT)
Saved PC:0x4038202c
SPIWP:0xee
mode:DIO, clock div:1
load:0x3fcd5810,len:0x438
load:0x403cc710,len:0x90c
load:0x403ce710,len:0x2624
entry 0x403cc710
Booting...
Calling tft.init()...
Guru Meditation Error: Core  0 panic'ed (Store access fault). Exception was unhandled.

Core  0 register dump:
MEPC    : 0x420037aa  RA      : 0x4200379a  SP      : 0x3fc9e150  GP      : 0x3fc8e200  
TP      : 0x3fc7d2dc  T0      : 0x00000000  T1      : 0xffc3ffff  T2      : 0x00000001  
S0/FP   : 0x60004000  S1      : 0x3fc91570  A0      : 0x00000001  A1      : 0xffffffff  
A2      : 0x00000000  A3      : 0x00000000  A4      : 0x08000000  A5      : 0x00000010  
A6      : 0x00000003  A7      : 0x04c4b400  S2      : 0x00000000  S3      : 0x00000000  
S4      : 0x00000000  S5      : 0x00000000  S6      : 0x00000000  S7      : 0x00000000  
S8      : 0x00000000  S9      : 0x00000000  S10     : 0x00000000  S11     : 0x00000000  
T3      : 0x00000000  T4      : 0x0000000f  T5      : 0x003c0000  T6      : 0x00000003  
MSTATUS : 0x00001881  MTVEC   : 0x40380001  MCAUSE  : 0x00000007  MTVAL   : 0x00000010  
MHARTID : 0x00000000  

Stack memory:
3fc9e150: 0x00000000 0x3fc97000 0x00989680 0x00000001 0x00000001 0x3fc97000 0x3fc91570 0x42003ad2
3fc9e170: 0x00000000 0x3fc91848 0x00000015 0x4200d148 0x00000000 0x3fc91000 0x3fc92000 0x42002170
3fc9e190: 0x00000000 0x00000000 0x00000000 0x00000000 0x00000000 0x3fc97000 0x00000000 0x4200f560
3fc9e1b0: 0x00000000 0x00000000 0x00000000 0x4038988c 0x00000000 0x00000000 0x00000000 0x00000000
3fc9e1d0: 0x00000000 0xa5a5a5a5 0xa5a5a5a5 0xa5a5a5a5 0xa5a5a5a5 0xa5a5a5a5 0xbaad5678 0x00000160
3fc9e1f0: 0xabba1234 0x00000154 0x3fc9e0a0 0x000003eb 0x3fc930cc 0x3fc930cc 0x3fc9e1f8 0x3fc930c4
3fc9e210: 0x00000018 0x00000000 0x00000000 0x3fc9e1f8 0x00000000 0x00000001 0x3fc9c1e8 0x706f6f6c
3fc9e230: 0x6b736154 0x00000000 0x00000000 0x00000000 0x3fc9e1e0 0x00000001 0x00000002 0x00000000
3fc9e250: 0x00000000 0x00000000 0x3fc98154 0x3fc981bc 0x3fc98224 0x00000000 0x00000000 0x00000001
3fc9e270: 0x00000000 0x00000000 0x00000000 0x4209c1a4 0x00000000 0x00000000 0x00000000 0x00000000
3fc9e290: 0x00000000 0x00000000 0x00000000 0x00000000 0x00000000 0x00000000 0x00000000 0x00000000
3fc9e2b0: 0x00000000 0x00000000 0x00000000 0x00000000 0x00000000 0x00000000 0x00000000 0x00000000
3fc9e2d0: 0x00000000 0x00000000 0x00000000 0x00000000 0x00000000 0x00000000 0x00000000 0x00000000
3fc9e2f0: 0x00000000 0x00000000 0x00000000 0x00000000 0x00000000 0x00000000 0x00000000 0x00000000
3fc9e310: 0x00000000 0x00000000 0x00000000 0x00000000 0x00000000 0x00000000 0x00000000 0x00000000
3fc9e330: 0x00000000 0x00000000 0x00000000 0x00000000 0x00000000 0x00000000 0xa5000000 0xbaad5678
3fc9e350: 0x00000060 0xabba1234 0x00000054 0x00000000 0x3fc9e35c 0x00000000 0x00000000 0x00000000
3fc9e370: 0x3fc9e374 0xffffffff 0x3fc9e374 0x3fc9e374 0x00000000 0x3fc9e388 0xffffffff 0x3fc9e388
3fc9e390: 0x3fc9e388 0x00000001 0x00000001 0x00000000 0xa500ffff 0x00000000 0xb33fffff 0x00000000
3fc9e3b0: 0xbaad5678 0x00000160 0xabba1234 0x00000154 0x3fc9e414 0x3fc9e414 0x3fc9e514 0x3fc9e513
3fc9e3d0: 0x00000000 0x3fc9e3d8 0xffffffff 0x3fc9e3d8 0x3fc9e3d8 0x00000000 0x3fc9e3ec 0xffffffff
3fc9e3f0: 0x3fc9e3ec 0x3fc9e3ec 0x00000000 0x00000100 0x00000001 0xa500ffff 0x00000000 0xb33fffff
3fc9e410: 0x00000000 0xa5a5a5a5 0xa5a5a5a5 0xa5a5a5a5 0xa5a5a5a5 0xa5a5a5a5 0xa5a5a5a5 0xa5a5a5a5
3fc9e430: 0xa5a5a5a5 0xa5a5a5a5 0xa5a5a5a5 0xa5a5a5a5 0xa5a5a5a5 0xa5a5a5a5 0xa5a5a5a5 0xa5a5a5a5
3fc9e450: 0xa5a5a5a5 0xa5a5a5a5 0xa5a5a5a5 0xa5a5a5a5 0xa5a5a5a5 0xa5a5a5a5 0xa5a5a5a5 0xa5a5a5a5
3fc9e470: 0xa5a5a5a5 0xa5a5a5a5 0xa5a5a5a5 0xa5a5a5a5 0xa5a5a5a5 0xa5a5a5a5 0xa5a5a5a5 0xa5a5a5a5
3fc9e490: 0xa5a5a5a5 0xa5a5a5a5 0xa5a5a5a5 0xa5a5a5a5 0xa5a5a5a5 0xa5a5a5a5 0xa5a5a5a5 0xa5a5a5a5
3fc9e4b0: 0xa5a5a5a5 0xa5a5a5a5 0xa5a5a5a5 0xa5a5a5a5 0xa5a5a5a5 0xa5a5a5a5 0xa5a5a5a5 0xa5a5a5a5
3fc9e4d0: 0xa5a5a5a5 0xa5a5a5a5 0xa5a5a5a5 0xa5a5a5a5 0xa5a5a5a5 0xa5a5a5a5 0xa5a5a5a5 0xa5a5a5a5
3fc9e4f0: 0xa5a5a5a5 0xa5a5a5a5 0xa5a5a5a5 0xa5a5a5a5 0xa5a5a5a5 0xa5a5a5a5 0xa5a5a5a5 0xa5a5a5a5
3fc9e510: 0xa5a5a5a5 0xbaad5678 0x000000f8 0xabba1234 0x000000ec 0x00000100 0x00000100 0x00000002
3fc9e530: 0x4038655c 0x40386052 0x40385946 0x40386500 0x403864e4 0x3fc9e643 0x3fc9e643 0x3fc9e643



ELF file SHA256: 90ae28fade45912f

Rebooting...
ESP-ROM:esp32c3-api1-20210207
Build:Feb  7 2021
rst:0x3 (RTC_SW_SYS_RST),boot:0xd (SPI_FAST_FLASH_BOOT)
Saved PC:0x4038202c
SPIWP:0xee
mode:DIO, clock div:1
load:0x3fcd5810,len:0x438
load:0x403cc710,len:0x90c
load:0x403ce710,len:0x2624
entry 0x403cc710
Booting...
Calling tft.init()...
Guru Meditation Error: Core  0 panic'ed (Store access fault). Exception was unhandled.

Core  0 register dump:
MEPC    : 0x420037aa  RA      : 0x4200379a  SP      : 0x3fc9e150  GP      : 0x3fc8e200  
TP      : 0x3fc7d2dc  T0      : 0x00000000  T1      : 0xffc3ffff  T2      : 0x00000001  
S0/FP   : 0x60004000  S1      : 0x3fc91570  A0      : 0x00000001  A1      : 0xffffffff  
A2      : 0x00000000  A3      : 0x00000000  A4      : 0x08000000  A5      : 0x00000010  
A6      : 0x00000003  A7      : 0x04c4b400  S2      : 0x00000000  S3      : 0x00000000  
S4      : 0x00000000  S5      : 0x00000000  S6      : 0x00000000  S7      : 0x00000000  
S8      : 0x00000000  S9      : 0x00000000  S10     : 0x00000000  S11     : 0x00000000  
T3      : 0x00000000  T4      : 0x0000000f  T5      : 0x003c0000  T6      : 0x00000003  
MSTATUS : 0x00001881  MTVEC   : 0x40380001  MCAUSE  : 0x00000007  MTVAL   : 0x00000010  
MHARTID : 0x00000000  

Stack memory:
3fc9e150: 0x00000000 0x3fc97000 0x00989680 0x00000001 0x00000001 0x3fc97000 0x3fc91570 0x42003ad2
3fc9e170: 0x00000000 0x3fc91848 0x00000015 0x4200d148 0x00000000 0x3fc91000 0x3fc92000 0x42002170
3fc9e190: 0x00000000 0x00000000 0x00000000 0x00000000 0x00000000 0x3fc97000 0x00000000 0x4200f560
3fc9e1b0: 0x00000000 0x00000000 0x00000000 0x4038988c 0x00000000 0x00000000 0x00000000 0x00000000
3fc9e1d0: 0x00000000 0xa5a5a5a5 0xa5a5a5a5 0xa5a5a5a5 0xa5a5a5a5 0xa5a5a5a5 0xbaad5678 0x00000160
3fc9e1f0: 0xabba1234 0x00000154 0x3fc9e0c0 0x000003eb 0x3fc930cc 0x3fc930cc 0x3fc9e1f8 0x3fc930c4
3fc9e210: 0x00000018 0x00000000 0x00000000 0x3fc9e1f8 0x00000000 0x00000001 0x3fc9c1e8 0x706f6f6c
3fc9e230: 0x6b736154 0x00000000 0x00000000 0x00000000 0x3fc9e1e0 0x00000001 0x00000002 0x00000000
3fc9e250: 0x00000000 0x00000000 0x3fc98154 0x3fc981bc 0x3fc98224 0x00000000 0x00000000 0x00000001
3fc9e270: 0x00000000 0x00000000 0x00000000 0x4209c1a4 0x00000000 0x00000000 0x00000000 0x00000000
3fc9e290: 0x00000000 0x00000000 0x00000000 0x00000000 0x00000000 0x00000000 0x00000000 0x00000000
3fc9e2b0: 0x00000000 0x00000000 0x00000000 0x00000000 0x00000000 0x00000000 0x00000000 0x00000000
3fc9e2d0: 0x00000000 0x00000000 0x00000000 0x00000000 0x00000000 0x00000000 0x00000000 0x00000000
3fc9e2f0: 0x00000000 0x00000000 0x00000000 0x00000000 0x00000000 0x00000000 0x00000000 0x00000000
3fc9e310: 0x00000000 0x00000000 0x00000000 0x00000000 0x00000000 0x00000000 0x00000000 0x00000000
3fc9e330: 0x00000000 0x00000000 0x00000000 0x00000000 0x00000000 0x00000000 0xa5000000 0xbaad5678
3fc9e350: 0x00000060 0xabba1234 0x00000054 0x00000000 0x3fc9e35c 0x00000000 0x00000000 0x00000000
3fc9e370: 0x3fc9e374 0xffffffff 0x3fc9e374 0x3fc9e374 0x00000000 0x3fc9e388 0xffffffff 0x3fc9e388
3fc9e390: 0x3fc9e388 0x00000001 0x00000001 0x00000000 0xa500ffff 0x00000000 0xb33fffff 0x00000000
3fc9e3b0: 0xbaad5678 0x00000160 0xabba1234 0x00000154 0x3fc9e414 0x3fc9e414 0x3fc9e514 0x3fc9e513
3fc9e3d0: 0x00000000 0x3fc9e3d8 0xffffffff 0x3fc9e3d8 0x3fc9e3d8 0x00000000 0x3fc9e3ec 0xffffffff
3fc9e3f0: 0x3fc9e3ec 0x3fc9e3ec 0x00000000 0x00000100 0x00000001 0xa500ffff 0x00000000 0xb33fffff
3fc9e410: 0x00000000 0xa5a5a5a5 0xa5a5a5a5 0xa5a5a5a5 0xa5a5a5a5 0xa5a5a5a5 0xa5a5a5a5 0xa5a5a5a5
3fc9e430: 0xa5a5a5a5 0xa5a5a5a5 0xa5a5a5a5 0xa5a5a5a5 0xa5a5a5a5 0xa5a5a5a5 0xa5a5a5a5 0xa5a5a5a5
3fc9e450: 0xa5a5a5a5 0xa5a5a5a5 0xa5a5a5a5 0xa5a5a5a5 0xa5a5a5a5 0xa5a5a5a5 0xa5a5a5a5 0xa5a5a5a5
3fc9e470: 0xa5a5a5a5 0xa5a5a5a5 0xa5a5a5a5 0xa5a5a5a5 0xa5a5a5a5 0xa5a5a5a5 0xa5a5a5a5 0xa5a5a5a5
3fc9e490: 0xa5a5a5a5 0xa5a5a5a5 0xa5a5a5a5 0xa5a5a5a5 0xa5a5a5a5 0xa5a5a5a5 0xa5a5a5a5 0xa5a5a5a5
3fc9e4b0: 0xa5a5a5a5 0xa5a5a5a5 0xa5a5a5a5 0xa5a5a5a5 0xa5a5a5a5 0xa5a5a5a5 0xa5a5a5a5 0xa5a5a5a5
3fc9e4d0: 0xa5a5a5a5 0xa5a5a5a5 0xa5a5a5a5 0xa5a5a5a5 0xa5a5a5a5 0xa5a5a5a5 0xa5a5a5a5 0xa5a5a5a5
3fc9e4f0: 0xa5a5a5a5 0xa5a5a5a5 0xa5a5a5a5 0xa5a5a5a5 0xa5a5a5a5 0xa5a5a5a5 0xa5a5a5a5 0xa5a5a5a5
3fc9e510: 0xa5a5a5a5 0xbaad5678 0x000000f8 0xabba1234 0x000000ec 0x00000100 0x00000100 0x00000002
3fc9e530: 0x4038655c 0x40386052 0x40385946 0x40386500 0x403864e4 0x3fc9e643 0x3fc9e643 0x3fc9e643



ELF file SHA256: 90ae28fade45912f

Rebooting...
ESP-ROM:esp32c3-api1-20210207
Build:Feb  7 2021
rst:0x3 (RTC_SW_SYS_RST),boot:0xd (SPI_FAST_FLASH_BOOT)
Saved PC:0x4038202c
SPIWP:0xee
mode:DIO, clock div:1
load:0x3fcd5810,len:0x438
load:0x403cc710,len:0x90c
load:0x403ce710,len:0x2624
entry 0x403cc710
Booting...
Calling tft.init()...
Guru Meditation Error: Core  0 panic'ed (Store access fault). Exception was unhandled.

Core  0 register dump:
MEPC    : 0x420037aa  RA      : 0x4200379a  SP      : 0x3fc9e150  GP      : 0x3fc8e200  
TP      : 0x3fc7d2dc  T0      : 0x00000000  T1      : 0xffc3ffff  T2      : 0x00000001  
S0/FP   : 0x60004000  S1      : 0x3fc91570  A0      : 0x00000001  A1      : 0xffffffff  
A2      : 0x00000000  A3      : 0x00000000  A4      : 0x08000000  A5      : 0x00000010  
A6      : 0x00000003  A7      : 0x04c4b400  S2      : 0x00000000  S3      : 0x00000000  
S4      : 0x00000000  S5      : 0x00000000  S6      : 0x00000000  S7      : 0x00000000  
S8      : 0x00000000  S9      : 0x00000000  S10     : 0x00000000  S11     : 0x00000000  
T3      : 0x00000000  T4      : 0x0000000f  T5      : 0x003c0000  T6      : 0x00000003  
MSTATUS : 0x00001881  MTVEC   : 0x40380001  MCAUSE  : 0x00000007  MTVAL   : 0x00000010  
MHARTID : 0x00000000  

Stack memory:
3fc9e150: 0x00000000 0x3fc97000 0x00989680 0x00000001 0x00000001 0x3fc97000 0x3fc91570 0x42003ad2
3fc9e170: 0x00000000 0x3fc91848 0x00000015 0x4200d148 0x00000000 0x3fc91000 0x3fc92000 0x42002170
3fc9e190: 0x00000000 0x00000000 0x00000000 0x00000000 0x00000000 0x3fc97000 0x00000000 0x4200f560
3fc9e1b0: 0x00000000 0x00000000 0x00000000 0x4038988c 0x00000000 0x00000000 0x00000000 0x00000000
3fc9e1d0: 0x00000000 0xa5a5a5a5 0xa5a5a5a5 0xa5a5a5a5 0xa5a5a5a5 0xa5a5a5a5 0xbaad5678 0x00000160
3fc9e1f0: 0xabba1234 0x00000154 0x3fc9e040 0x000003eb 0x3fc930cc 0x3fc930cc 0x3fc9e1f8 0x3fc930c4
3fc9e210: 0x00000018 0x00000000 0x00000000 0x3fc9e1f8 0x00000000 0x00000001 0x3fc9c1e8 0x706f6f6c
3fc9e230: 0x6b736154 0x00000000 0x00000000 0x00000000 0x3fc9e1e0 0x00000001 0x00000002 0x00000000
3fc9e250: 0x00000000 0x00000000 0x3fc98154 0x3fc981bc 0x3fc98224 0x00000000 0x00000000 0x00000001
3fc9e270: 0x00000000 0x00000000 0x00000000 0x4209c1a4 0x00000000 0x00000000 0x00000000 0x00000000
3fc9e290: 0x00000000 0x00000000 0x00000000 0x00000000 0x00000000 0x00000000 0x00000000 0x00000000
3fc9e2b0: 0x00000000 0x00000000 0x00000000 0x00000000 0x00000000 0x00000000 0x00000000 0x00000000
3fc9e2d0: 0x00000000 0x00000000 0x00000000 0x00000000 0x00000000 0x00000000 0x00000000 0x00000000
3fc9e2f0: 0x00000000 0x00000000 0x00000000 0x00000000 0x00000000 0x00000000 0x00000000 0x00000000
3fc9e310: 0x00000000 0x00000000 0x00000000 0x00000000 0x00000000 0x00000000 0x00000000 0x00000000
3fc9e330: 0x00000000 0x00000000 0x00000000 0x00000000 0x00000000 0x00000000 0xa5000000 0xbaad5678
3fc9e350: 0x00000060 0xabba1234 0x00000054 0x00000000 0x3fc9e35c 0x00000000 0x00000000 0x00000000
3fc9e370: 0x3fc9e374 0xffffffff 0x3fc9e374 0x3fc9e374 0x00000000 0x3fc9e388 0xffffffff 0x3fc9e388
3fc9e390: 0x3fc9e388 0x00000001 0x00000001 0x00000000 0xa500ffff 0x00000000 0xb33fffff 0x00000000
3fc9e3b0: 0xbaad5678 0x00000160 0xabba1234 0x00000154 0x3fc9e414 0x3fc9e414 0x3fc9e514 0x3fc9e513
3fc9e3d0: 0x00000000 0x3fc9e3d8 0xffffffff 0x3fc9e3d8 0x3fc9e3d8 0x00000000 0x3fc9e3ec 0xffffffff
3fc9e3f0: 0x3fc9e3ec 0x3fc9e3ec 0x00000000 0x00000100 0x00000001 0xa500ffff 0x00000000 0xb33fffff
3fc9e410: 0x00000000 0xa5a5a5a5 0xa5a5a5a5 0xa5a5a5a5 0xa5a5a5a5 0xa5a5a5a5 0xa5a5a5a5 0xa5a5a5a5
3fc9e430: 0xa5a5a5a5 0xa5a5a5a5 0xa5a5a5a5 0xa5a5a5a5 0xa5a5a5a5 0xa5a5a5a5 0xa5a5a5a5 0xa5a5a5a5
3fc9e450: 0xa5a5a5a5 0xa5a5a5a5 0xa5a5a5a5 0xa5a5a5a5 0xa5a5a5a5 0xa5a5a5a5 0xa5a5a5a5 0xa5a5a5a5
3fc9e470: 0xa5a5a5a5 0xa5a5a5a5 0xa5a5a5a5 0xa5a5a5a5 0xa5a5a5a5 0xa5a5a5a5 0xa5a5a5a5 0xa5a5a5a5
3fc9e490: 0xa5a5a5a5 0xa5a5a5a5 0xa5a5a5a5 0xa5a5a5a5 0xa5a5a5a5 0xa5a5a5a5 0xa5a5a5a5 0xa5a5a5a5
3fc9e4b0: 0xa5a5a5a5 0xa5a5a5a5 0xa5a5a5a5 0xa5a5a5a5 0xa5a5a5a5 0xa5a5a5a5 0xa5a5a5a5 0xa5a5a5a5
3fc9e4d0: 0xa5a5a5a5 0xa5a5a5a5 0xa5a5a5a5 0xa5a5a5a5 0xa5a5a5a5 0xa5a5a5a5 0xa5a5a5a5 0xa5a5a5a5
3fc9e4f0: 0xa5a5a5a5 0xa5a5a5a5 0xa5a5a5a5 0xa5a5a5a5 0xa5a5a5a5 0xa5a5a5a5 0xa5a5a5a5 0xa5a5a5a5
3fc9e510: 0xa5a5a5a5 0xbaad5678 0x000000f8 0xabba1234 0x000000ec 0x00000100 0x00000100 0x00000002
3fc9e530: 0x4038655c 0x40386052 0x40385946 0x40386500 0x403864e4 0x3fc9e643 0x3fc9e643 0x3fc9e643



ELF file SHA256: 90ae28fade45912f

Rebooting...
ESP-ROM:esp32c3-api1-20210207
Build:Feb  7 2021
rst:0x3 (RTC_SW_SYS_RST),boot:0xd (SPI_FAST_FLASH_BOOT)
Saved PC:0x4038202c
SPIWP:0xee
mode:DIO, clock div:1
load:0x3fcd5810,len:0x438
load:0x403cc710,len:0x90c
load:0x403ce710,len:0x2624
entry 0x403cc710
Booting...
Calling tft.init()...
Guru Meditation Error: Core  0 panic'ed (Store access fault). Exception was unhandled.

Core  0 register dump:
MEPC    : 0x420037aa  RA      : 0x4200379a  SP      : 0x3fc9e150  GP      : 0x3fc8e200  
TP      : 0x3fc7d2dc  T0      : 0x00000000  T1      : 0xffc3ffff  T2      : 0x00000001  
S0/FP   : 0x60004000  S1      : 0x3fc91570  A0      : 0x00000001  A1      : 0xffffffff  
A2      : 0x00000000  A3      : 0x00000000  A4      : 0x08000000  A5      : 0x00000010  
A6      : 0x00000003  A7      : 0x04c4b400  S2      : 0x00000000  S3      : 0x00000000  
S4      : 0x00000000  S5      : 0x00000000  S6      : 0x00000000  S7      : 0x00000000  
S8      : 0x00000000  S9      : 0x00000000  S10     : 0x00000000  S11     : 0x00000000  
T3      : 0x00000000  T4      : 0x0000000f  T5      : 0x003c0000  T6      : 0x00000003  
MSTATUS : 0x00001881  MTVEC   : 0x40380001  MCAUSE  : 0x00000007  MTVAL   : 0x00000010  
MHARTID : 0x00000000  

Stack memory:
3fc9e150: 0x00000000 0x3fc97000 0x00989680 0x00000001 0x00000001 0x3fc97000 0x3fc91570 0x42003ad2
3fc9e170: 0x00000000 0x3fc91848 0x00000015 0x4200d148 0x00000000 0x3fc91000 0x3fc92000 0x42002170
3fc9e190: 0x00000000 0x00000000 0x00000000 0x00000000 0x00000000 0x3fc97000 0x00000000 0x4200f560
3fc9e1b0: 0x00000000 0x00000000 0x00000000 0x4038988c 0x00000000 0x00000000 0x00000000 0x00000000
3fc9e1d0: 0x00000000 0xa5a5a5a5 0xa5a5a5a5 0xa5a5a5a5 0xa5a5a5a5 0xa5a5a5a5 0xbaad5678 0x00000160
3fc9e1f0: 0xabba1234 0x00000154 0x3fc9dff0 0x000003eb 0x3fc930cc 0x3fc930cc 0x3fc9e1f8 0x3fc930c4
3fc9e210: 0x00000018 0x00000000 0x00000000 0x3fc9e1f8 0x00000000 0x00000001 0x3fc9c1e8 0x706f6f6c
3fc9e230: 0x6b736154 0x00000000 0x00000000 0x00000000 0x3fc9e1e0 0x00000001 0x00000002 0x00000000
3fc9e250: 0x00000000 0x00000000 0x3fc98154 0x3fc981bc 0x3fc98224 0x00000000 0x00000000 0x00000001
3fc9e270: 0x00000000 0x00000000 0x00000000 0x4209c1a4 0x00000000 0x00000000 0x00000000 0x00000000
3fc9e290: 0x00000000 0x00000000 0x00000000 0x00000000 0x00000000 0x00000000 0x00000000 0x00000000
3fc9e2b0: 0x00000000 0x00000000 0x00000000 0x00000000 0x00000000 0x00000000 0x00000000 0x00000000
3fc9e2d0: 0x00000000 0x00000000 0x00000000 0x00000000 0x00000000 0x00000000 0x00000000 0x00000000
3fc9e2f0: 0x00000000 0x00000000 0x00000000 0x00000000 0x00000000 0x00000000 0x00000000 0x00000000
3fc9e310: 0x00000000 0x00000000 0x00000000 0x00000000 0x00000000 0x00000000 0x00000000 0x00000000
3fc9e330: 0x00000000 0x00000000 0x00000000 0x00000000 0x00000000 0x00000000 0xa5000000 0xbaad5678
3fc9e350: 0x00000060 0xabba1234 0x00000054 0x00000000 0x3fc9e35c 0x00000000 0x00000000 0x00000000
3fc9e370: 0x3fc9e374 0xffffffff 0x3fc9e374 0x3fc9e374 0x00000000 0x3fc9e388 0xffffffff 0x3fc9e388
3fc9e390: 0x3fc9e388 0x00000001 0x00000001 0x00000000 0xa500ffff 0x00000000 0xb33fffff 0x00000000
3fc9e3b0: 0xbaad5678 0x00000160 0xabba1234 0x00000154 0x3fc9e414 0x3fc9e414 0x3fc9e514 0x3fc9e513
3fc9e3d0: 0x00000000 0x3fc9e3d8 0xffffffff 0x3fc9e3d8 0x3fc9e3d8 0x00000000 0x3fc9e3ec 0xffffffff
3fc9e3f0: 0x3fc9e3ec 0x3fc9e3ec 0x00000000 0x00000100 0x00000001 0xa500ffff 0x00000000 0xb33fffff
3fc9e410: 0x00000000 0xa5a5a5a5 0xa5a5a5a5 0xa5a5a5a5 0xa5a5a5a5 0xa5a5a5a5 0xa5a5a5a5 0xa5a5a5a5
3fc9e430: 0xa5a5a5a5 0xa5a5a5a5 0xa5a5a5a5 0xa5a5a5a5 0xa5a5a5a5 0xa5a5a5a5 0xa5a5a5a5 0xa5a5a5a5
3fc9e450: 0xa5a5a5a5 0xa5a5a5a5 0xa5a5a5a5 0xa5a5a5a5 0xa5a5a5a5 0xa5a5a5a5 0xa5a5a5a5 0xa5a5a5a5
3fc9e470: 0xa5a5a5a5 0xa5a5a5a5 0xa5a5a5a5 0xa5a5a5a5 0xa5a5a5a5 0xa5a5a5a5 0xa5a5a5a5 0xa5a5a5a5
3fc9e490: 0xa5a5a5a5 0xa5a5a5a5 0xa5a5a5a5 0xa5a5a5a5 0xa5a5a5a5 0xa5a5a5a5 0xa5a5a5a5 0xa5a5a5a5
3fc9e4b0: 0xa5a5a5a5 0xa5a5a5a5 0xa5a5a5a5 0xa5a5a5a5 0xa5a5a5a5 0xa5a5a5a5 0xa5a5a5a5 0xa5a5a5a5
3fc9e4d0: 0xa5a5a5a5 0xa5a5a5a5 0xa5a5a5a5 0xa5a5a5a5 0xa5a5a5a5 0xa5a5a5a5 0xa5a5a5a5 0xa5a5a5a5
3fc9e4f0: 0xa5a5a5a5 0xa5a5a5a5 0xa5a5a5a5 0xa5a5a5a5 0xa5a5a5a5 0xa5a5a5a5 0xa5a5a5a5 0xa5a5a5a5
3fc9e510: 0xa5a5a5a5 0xbaad5678 0x000000f8 0xabba1234 0x000000ec 0x00000100 0x00000100 0x00000002
3fc9e530: 0x4038655c 0x40386052 0x40385946 0x40386500 0x403864e4 0x3fc9e643 0x3fc9e643 0x3fc9e643



ELF file SHA256: 90ae28fade45912f

Rebooting...
ESP-ROM:esp32c3-api1-20210207
Build:Feb  7 2021
rst:0x3 (RTC_SW_SYS_RST),boot:0xd (SPI_FAST_FLASH_BOOT)
Saved PC:0x4038202c
SPIWP:0xee
mode:DIO, clock div:1
load:0x3fcd5810,len:0x438
load:0x403cc710,len:0x90c
load:0x403ce710,len:0x2624
entry 0x403cc710
Booting...
Calling tft.init()...
Guru Meditation Error: Core  0 panic'ed (Store access fault). Exception was unhandled.

Core  0 register dump:
MEPC    : 0x420037aa  RA      : 0x4200379a  SP      : 0x3fc9e150  GP      : 0x3fc8e200  
TP      : 0x3fc7d2dc  T0      : 0x00000000  T1      : 0xffc3ffff  T2      : 0x00000001  
S0/FP   : 0x60004000  S1      : 0x3fc91570  A0      : 0x00000001  A1      : 0xffffffff  
A2      : 0x00000000  A3      : 0x00000000  A4      : 0x08000000  A5      : 0x00000010  
A6      : 0x00000003  A7      : 0x04c4b400  S2      : 0x00000000  S3      : 0x00000000  
S4      : 0x00000000  S5      : 0x00000000  S6      : 0x00000000  S7      : 0x00000000  
S8      : 0x00000000  S9      : 0x00000000  S10     : 0x00000000  S11     : 0x00000000  
T3      : 0x00000000  T4      : 0x0000000f  T5      : 0x003c0000  T6      : 0x00000003  
MSTATUS : 0x00001881  MTVEC   : 0x40380001  MCAUSE  : 0x00000007  MTVAL   : 0x00000010  
MHARTID : 0x00000000  

Stack memory:
3fc9e150: 0x00000000 0x3fc97000 0x00989680 0x00000001 0x00000001 0x3fc97000 0x3fc91570 0x42003ad2
3fc9e170: 0x00000000 0x3fc91848 0x00000015 0x4200d148 0x00000000 0x3fc91000 0x3fc92000 0x42002170
3fc9e190: 0x00000000 0x00000000 0x00000000 0x00000000 0x00000000 0x3fc97000 0x00000000 0x4200f560
3fc9e1b0: 0x00000000 0x00000000 0x00000000 0x4038988c 0x00000000 0x00000000 0x00000000 0x00000000
3fc9e1d0: 0x00000000 0xa5a5a5a5 0xa5a5a5a5 0xa5a5a5a5 0xa5a5a5a5 0xa5a5a5a5 0xbaad5678 0x00000160
3fc9e1f0: 0xabba1234 0x00000154 0x3fc9e040 0x000003eb 0x3fc930cc 0x3fc930cc 0x3fc9e1f8 0x3fc930c4
3fc9e210: 0x00000018 0x00000000 0x00000000 0x3fc9e1f8 0x00000000 0x00000001 0x3fc9c1e8 0x706f6f6c
3fc9e230: 0x6b736154 0x00000000 0x00000000 0x00000000 0x3fc9e1e0 0x00000001 0x00000002 0x00000000
3fc9e250: 0x00000000 0x00000000 0x3fc98154 0x3fc981bc 0x3fc98224 0x00000000 0x00000000 0x00000001
3fc9e270: 0x00000000 0x00000000 0x00000000 0x4209c1a4 0x00000000 0x00000000 0x00000000 0x00000000
3fc9e290: 0x00000000 0x00000000 0x00000000 0x00000000 0x00000000 0x00000000 0x00000000 0x00000000
3fc9e2b0: 0x00000000 0x00000000 0x00000000 0x00000000 0x00000000 0x00000000 0x00000000 0x00000000
3fc9e2d0: 0x00000000 0x00000000 0x00000000 0x00000000 0x00000000 0x00000000 0x00000000 0x00000000
3fc9e2f0: 0x00000000 0x00000000 0x00000000 0x00000000 0x00000000 0x00000000 0x00000000 0x00000000
3fc9e310: 0x00000000 0x00000000 0x00000000 0x00000000 0x00000000 0x00000000 0x00000000 0x00000000
3fc9e330: 0x00000000 0x00000000 0x00000000 0x00000000 0x00000000 0x00000000 0xa5000000 0xbaad5678
3fc9e350: 0x00000060 0xabba1234 0x00000054 0x00000000 0x3fc9e35c 0x00000000 0x00000000 0x00000000
3fc9e370: 0x3fc9e374 0xffffffff 0x3fc9e374 0x3fc9e374 0x00000000 0x3fc9e388 0xffffffff 0x3fc9e388
3fc9e390: 0x3fc9e388 0x00000001 0x00000001 0x00000000 0xa500ffff 0x00000000 0xb33fffff 0x00000000
3fc9e3b0: 0xbaad5678 0x00000160 0xabba1234 0x00000154 0x3fc9e414 0x3fc9e414 0x3fc9e514 0x3fc9e513
3fc9e3d0: 0x00000000 0x3fc9e3d8 0xffffffff 0x3fc9e3d8 0x3fc9e3d8 0x00000000 0x3fc9e3ec 0xffffffff
3fc9e3f0: 0x3fc9e3ec 0x3fc9e3ec 0x00000000 0x00000100 0x00000001 0xa500ffff 0x00000000 0xb33fffff
3fc9e410: 0x00000000 0xa5a5a5a5 0xa5a5a5a5 0xa5a5a5a5 0xa5a5a5a5 0xa5a5a5a5 0xa5a5a5a5 0xa5a5a5a5
3fc9e430: 0xa5a5a5a5 0xa5a5a5a5 0xa5a5a5a5 0xa5a5a5a5 0xa5a5a5a5 0xa5a5a5a5 0xa5a5a5a5 0xa5a5a5a5
3fc9e450: 0xa5a5a5a5 0xa5a5a5a5 0xa5a5a5a5 0xa5a5a5a5 0xa5a5a5a5 0xa5a5a5a5 0xa5a5a5a5 0xa5a5a5a5
3fc9e470: 0xa5a5a5a5 0xa5a5a5a5 0xa5a5a5a5 0xa5a5a5a5 0xa5a5a5a5 0xa5a5a5a5 0xa5a5a5a5 0xa5a5a5a5
3fc9e490: 0xa5a5a5a5 0xa5a5a5a5 0xa5a5a5a5 0xa5a5a5a5 0xa5a5a5a5 0xa5a5a5a5 0xa5a5a5a5 0xa5a5a5a5
3fc9e4b0: 0xa5a5a5a5 0xa5a5a5a5 0xa5a5a5a5 0xa5a5a5a5 0xa5a5a5a5 0xa5a5a5a5 0xa5a5a5a5 0xa5a5a5a5
3fc9e4d0: 0xa5a5a5a5 0xa5a5a5a5 0xa5a5a5a5 0xa5a5a5a5 0xa5a5a5a5 0xa5a5a5a5 0xa5a5a5a5 0xa5a5a5a5
3fc9e4f0: 0xa5a5a5a5 0xa5a5a5a5 0xa5a5a5a5 0xa5a5a5a5 0xa5a5a5a5 0xa5a5a5a5 0xa5a5a5a5 0xa5a5a5a5
3fc9e510: 0xa5a5a5a5 0xbaad5678 0x000000f8 0xabba1234 0x000000ec 0x00000100 0x00000100 0x00000002
3fc9e530: 0x4038655c 0x40386052 0x40385946 0x40386500 0x403864e4 0x3fc9e643 0x3fc9e643 0x3fc9e643



ELF file SHA256: 90ae28fade45912f

Rebooting...
ESP-ROM:esp32c3-api1-20210207
Build:Feb  7 2021
rst:0x3 (RTC_SW_SYS_RST),boot:0xd (SPI_FAST_FLASH_BOOT)
Saved PC:0x4038202c
SPIWP:0xee
mode:DIO, clock div:1
load:0x3fcd5810,len:0x438
load:0x403cc710,len:0x90c
load:0x403ce710,len:0x2624
entry 0x403cc710
Booting...
Calling tft.init()...
Guru Meditation Error: Core  0 panic'ed (Store access fault). Exception was unhandled.

Core  0 register dump:
MEPC    : 0x420037aa  RA      : 0x4200379a  SP      : 0x3fc9e150  GP      : 0x3fc8e200  
TP      : 0x3fc7d2dc  T0      : 0x00000000  T1      : 0xffc3ffff  T2      : 0x00000001  
S0/FP   : 0x60004000  S1      : 0x3fc91570  A0      : 0x00000001  A1      : 0xffffffff  
A2      : 0x00000000  A3      : 0x00000000  A4      : 0x08000000  A5      : 0x00000010  
A6      : 0x00000003  A7      : 0x04c4b400  S2      : 0x00000000  S3      : 0x00000000  
S4      : 0x00000000  S5      : 0x00000000  S6      : 0x00000000  S7      : 0x00000000  
S8      : 0x00000000  S9      : 0x00000000  S10     : 0x00000000  S11     : 0x00000000  
T3      : 0x00000000  T4      : 0x0000000f  T5      : 0x003c0000  T6      : 0x00000003  
MSTATUS : 0x00001881  MTVEC   : 0x40380001  MCAUSE  : 0x00000007  MTVAL   : 0x00000010  
MHARTID : 0x00000000  

Stack memory:
3fc9e150: 0x00000000 0x3fc97000 0x00989680 0x00000001 0x00000001 0x3fc97000 0x3fc91570 0x42003ad2
3fc9e170: 0x00000000 0x3fc91848 0x00000015 0x4200d148 0x00000000 0x3fc91000 0x3fc92000 0x42002170
3fc9e190: 0x00000000 0x00000000 0x00000000 0x00000000 0x00000000 0x3fc97000 0x00000000 0x4200f560
3fc9e1b0: 0x00000000 0x00000000 0x00000000 0x4038988c 0x00000000 0x00000000 0x00000000 0x00000000
3fc9e1d0: 0x00000000 0xa5a5a5a5 0xa5a5a5a5 0xa5a5a5a5 0xa5a5a5a5 0xa5a5a5a5 0xbaad5678 0x00000160
3fc9e1f0: 0xabba1234 0x00000154 0x3fc9e000 0x000003eb 0x3fc930cc 0x3fc930cc 0x3fc9e1f8 0x3fc930c4
3fc9e210: 0x00000018 0x00000000 0x00000000 0x3fc9e1f8 0x00000000 0x00000001 0x3fc9c1e8 0x706f6f6c
3fc9e230: 0x6b736154 0x00000000 0x00000000 0x00000000 0x3fc9e1e0 0x00000001 0x00000002 0x00000000
3fc9e250: 0x00000000 0x00000000 0x3fc98154 0x3fc981bc 0x3fc98224 0x00000000 0x00000000 0x00000001
3fc9e270: 0x00000000 0x00000000 0x00000000 0x4209c1a4 0x00000000 0x00000000 0x00000000 0x00000000
3fc9e290: 0x00000000 0x00000000 0x00000000 0x00000000 0x00000000 0x00000000 0x00000000 0x00000000
3fc9e2b0: 0x00000000 0x00000000 0x00000000 0x00000000 0x00000000 0x00000000 0x00000000 0x00000000
3fc9e2d0: 0x00000000 0x00000000 0x00000000 0x00000000 0x00000000 0x00000000 0x00000000 0x00000000
3fc9e2f0: 0x00000000 0x00000000 0x00000000 0x00000000 0x00000000 0x00000000 0x00000000 0x00000000
3fc9e310: 0x00000000 0x00000000 0x00000000 0x00000000 0x00000000 0x00000000 0x00000000 0x00000000
3fc9e330: 0x00000000 0x00000000 0x00000000 0x00000000 0x00000000 0x00000000 0xa5000000 0xbaad5678
3fc9e350: 0x00000060 0xabba1234 0x00000054 0x00000000 0x3fc9e35c 0x00000000 0x00000000 0x00000000
3fc9e370: 0x3fc9e374 0xffffffff 0x3fc9e374 0x3fc9e374 0x00000000 0x3fc9e388 0xffffffff 0x3fc9e388
3fc9e390: 0x3fc9e388 0x00000001 0x00000001 0x00000000 0xa500ffff 0x00000000 0xb33fffff 0x00000000
3fc9e3b0: 0xbaad5678 0x00000160 0xabba1234 0x00000154 0x3fc9e414 0x3fc9e414 0x3fc9e514 0x3fc9e513
3fc9e3d0: 0x00000000 0x3fc9e3d8 0xffffffff 0x3fc9e3d8 0x3fc9e3d8 0x00000000 0x3fc9e3ec 0xffffffff
3fc9e3f0: 0x3fc9e3ec 0x3fc9e3ec 0x00000000 0x00000100 0x00000001 0xa500ffff 0x00000000 0xb33fffff
3fc9e410: 0x00000000 0xa5a5a5a5 0xa5a5a5a5 0xa5a5a5a5 0xa5a5a5a5 0xa5a5a5a5 0xa5a5a5a5 0xa5a5a5a5
3fc9e430: 0xa5a5a5a5 0xa5a5a5a5 0xa5a5a5a5 0xa5a5a5a5 0xa5a5a5a5 0xa5a5a5a5 0xa5a5a5a5 0xa5a5a5a5
3fc9e450: 0xa5a5a5a5 0xa5a5a5a5 0xa5a5a5a5 0xa5a5a5a5 0xa5a5a5a5 0xa5a5a5a5 0xa5a5a5a5 0xa5a5a5a5
3fc9e470: 0xa5a5a5a5 0xa5a5a5a5 0xa5a5a5a5 0xa5a5a5a5 0xa5a5a5a5 0xa5a5a5a5 0xa5a5a5a5 0xa5a5a5a5
3fc9e490: 0xa5a5a5a5 0xa5a5a5a5 0xa5a5a5a5 0xa5a5a5a5 0xa5a5a5a5 0xa5a5a5a5 0xa5a5a5a5 0xa5a5a5a5
3fc9e4b0: 0xa5a5a5a5 0xa5a5a5a5 0xa5a5a5a5 0xa5a5a5a5 0xa5a5a5a5 0xa5a5a5a5 0xa5a5a5a5 0xa5a5a5a5
3fc9e4d0: 0xa5a5a5a5 0xa5a5a5a5 0xa5a5a5a5 0xa5a5a5a5 0xa5a5a5a5 0xa5a5a5a5 0xa5a5a5a5 0xa5a5a5a5
3fc9e4f0: 0xa5a5a5a5 0xa5a5a5a5 0xa5a5a5a5 0xa5a5a5a5 0xa5a5a5a5 0xa5a5a5a5 0xa5a5a5a5 0xa5a5a5a5
3fc9e510: 0xa5a5a5a5 0xbaad5678 0x000000f8 0xabba1234 0x000000ec 0x00000100 0x00000100 0x00000002
3fc9e530: 0x4038655c 0x40386052 0x40385946 0x40386500 0x403864e4 0x3fc9e643 0x3fc9e643 0x3fc9e643



ELF file SHA256: 90ae28fade45912f

Rebooting...
ESP-ROM:esp32c3-api1-20210207
Build:Feb  7 2021
rst:0x3 (RTC_SW_SYS_RST),boot:0xd (SPI_FAST_FLASH_BOOT)
Saved PC:0x4038202c
SPIWP:0xee
mode:DIO, clock div:1
load:0x3fcd5810,len:0x438
load:0x403cc710,len:0x90c
load:0x403ce710,len:0x2624
entry 0x403cc710
Booting...
Calling tft.init()...
Guru Meditation Error: Core  0 panic'ed (Store access fault). Exception was unhandled.

Core  0 register dump:
MEPC    : 0x420037aa  RA      : 0x4200379a  SP      : 0x3fc9e150  GP      : 0x3fc8e200  
TP      : 0x3fc7d2dc  T0      : 0x00000000  T1      : 0xffc3ffff  T2      : 0x00000001  
S0/FP   : 0x60004000  S1      : 0x3fc91570  A0      : 0x00000001  A1      : 0xffffffff  
A2      : 0x00000000  A3      : 0x00000000  A4      : 0x08000000  A5      : 0x00000010  
A6      : 0x00000003  A7      : 0x04c4b400  S2      : 0x00000000  S3      : 0x00000000  
S4      : 0x00000000  S5      : 0x00000000  S6      : 0x00000000  S7      : 0x00000000  
S8      : 0x00000000  S9      : 0x00000000  S10     : 0x00000000  S11     : 0x00000000  
T3      : 0x00000000  T4      : 0x0000000f  T5      : 0x003c0000  T6      : 0x00000003  
MSTATUS : 0x00001881  MTVEC   : 0x40380001  MCAUSE  : 0x00000007  MTVAL   : 0x00000010  
MHARTID : 0x00000000  

Stack memory:
3fc9e150: 0x00000000 0x3fc97000 0x00989680 0x00000001 0x00000001 0x3fc97000 0x3fc91570 0x42003ad2
3fc9e170: 0x00000000 0x3fc91848 0x00000015 0x4200d148 0x00000000 0x3fc91000 0x3fc92000 0x42002170
3fc9e190: 0x00000000 0x00000000 0x00000000 0x00000000 0x00000000 0x3fc97000 0x00000000 0x4200f560
3fc9e1b0: 0x00000000 0x00000000 0x00000000 0x4038988c 0x00000000 0x00000000 0x00000000 0x00000000
3fc9e1d0: 0x00000000 0xa5a5a5a5 0xa5a5a5a5 0xa5a5a5a5 0xa5a5a5a5 0xa5a5a5a5 0xbaad5678 0x00000160
3fc9e1f0: 0xabba1234 0x00000154 0x3fc9e0c0 0x000003eb 0x3fc930cc 0x3fc930cc 0x3fc9e1f8 0x3fc930c4
3fc9e210: 0x00000018 0x00000000 0x00000000 0x3fc9e1f8 0x00000000 0x00000001 0x3fc9c1e8 0x706f6f6c
3fc9e230: 0x6b736154 0x00000000 0x00000000 0x00000000 0x3fc9e1e0 0x00000001 0x00000002 0x00000000
3fc9e250: 0x00000000 0x00000000 0x3fc98154 0x3fc981bc 0x3fc98224 0x00000000 0x00000000 0x00000001
3fc9e270: 0x00000000 0x00000000 0x00000000 0x4209c1a4 0x00000000 0x00000000 0x00000000 0x00000000
3fc9e290: 0x00000000 0x00000000 0x00000000 0x00000000 0x00000000 0x00000000 0x00000000 0x00000000
3fc9e2b0: 0x00000000 0x00000000 0x00000000 0x00000000 0x00000000 0x00000000 0x00000000 0x00000000
3fc9e2d0: 0x00000000 0x00000000 0x00000000 0x00000000 0x00000000 0x00000000 0x00000000 0x00000000
3fc9e2f0: 0x00000000 0x00000000 0x00000000 0x00000000 0x00000000 0x00000000 0x00000000 0x00000000
3fc9e310: 0x00000000 0x00000000 0x00000000 0x00000000 0x00000000 0x00000000 0x00000000 0x00000000
3fc9e330: 0x00000000 0x00000000 0x00000000 0x00000000 0x00000000 0x00000000 0xa5000000 0xbaad5678
3fc9e350: 0x00000060 0xabba1234 0x00000054 0x00000000 0x3fc9e35c 0x00000000 0x00000000 0x00000000
3fc9e370: 0x3fc9e374 0xffffffff 0x3fc9e374 0x3fc9e374 0x00000000 0x3fc9e388 0xffffffff 0x3fc9e388
3fc9e390: 0x3fc9e388 0x00000001 0x00000001 0x00000000 0xa500ffff 0x00000000 0xb33fffff 0x00000000
3fc9e3b0: 0xbaad5678 0x00000160 0xabba1234 0x00000154 0x3fc9e414 0x3fc9e414 0x3fc9e514 0x3fc9e513
3fc9e3d0: 0x00000000 0x3fc9e3d8 0xffffffff 0x3fc9e3d8 0x3fc9e3d8 0x00000000 0x3fc9e3ec 0xffffffff
3fc9e3f0: 0x3fc9e3ec 0x3fc9e3ec 0x00000000 0x00000100 0x00000001 0xa500ffff 0x00000000 0xb33fffff
3fc9e410: 0x00000000 0xa5a5a5a5 0xa5a5a5a5 0xa5a5a5a5 0xa5a5a5a5 0xa5a5a5a5 0xa5a5a5a5 0xa5a5a5a5
3fc9e430: 0xa5a5a5a5 0xa5a5a5a5 0xa5a5a5a5 0xa5a5a5a5 0xa5a5a5a5 0xa5a5a5a5 0xa5a5a5a5 0xa5a5a5a5
3fc9e450: 0xa5a5a5a5 0xa5a5a5a5 0xa5a5a5a5 0xa5a5a5a5 0xa5a5a5a5 0xa5a5a5a5 0xa5a5a5a5 0xa5a5a5a5
3fc9e470: 0xa5a5a5a5 0xa5a5a5a5 0xa5a5a5a5 0xa5a5a5a5 0xa5a5a5a5 0xa5a5a5a5 0xa5a5a5a5 0xa5a5a5a5
3fc9e490: 0xa5a5a5a5 0xa5a5a5a5 0xa5a5a5a5 0xa5a5a5a5 0xa5a5a5a5 0xa5a5a5a5 0xa5a5a5a5 0xa5a5a5a5
3fc9e4b0: 0xa5a5a5a5 0xa5a5a5a5 0xa5a5a5a5 0xa5a5a5a5 0xa5a5a5a5 0xa5a5a5a5 0xa5a5a5a5 0xa5a5a5a5
3fc9e4d0: 0xa5a5a5a5 0xa5a5a5a5 0xa5a5a5a5 0xa5a5a5a5 0xa5a5a5a5 0xa5a5a5a5 0xa5a5a5a5 0xa5a5a5a5
3fc9e4f0: 0xa5a5a5a5 0xa5a5a5a5 0xa5a5a5a5 0xa5a5a5a5 0xa5a5a5a5 0xa5a5a5a5 0xa5a5a5a5 0xa5a5a5a5
3fc9e510: 0xa5a5a5a5 0xbaad5678 0x000000f8 0xabba1234 0x000000ec 0x00000100 0x00000100 0x00000002
3fc9e530: 0x4038655c 0x40386052 0x40385946 0x40386500 0x403864e4 0x3fc9e643 0x3fc9e643 0x3fc9e643



ELF file SHA256: 90ae28fade45912f

Rebooting...
ESP-ROM:esp32c3-api1-20210207
Build:Feb  7 2021
rst:0x3 (RTC_SW_SYS_RST),boot:0xd (SPI_FAST_FLASH_BOOT)
Saved PC:0x4038202c
SPIWP:0xee
mode:DIO, clock div:1
load:0x3fcd5810,len:0x438
load:0x403cc710,len:0x90c
load:0x403ce710,len:0x2624
entry 0x403cc710
Booting...
Calling tft.init()...
Guru Meditation Error: Core  0 panic'ed (Store access fault). Exception was unhandled.

Core  0 register dump:
MEPC    : 0x420037aa  RA      : 0x4200379a  SP      : 0x3fc9e150  GP      : 0x3fc8e200  
TP      : 0x3fc7d2dc  T0      : 0x00000000  T1      : 0xffc3ffff  T2      : 0x00000001  
S0/FP   : 0x60004000  S1      : 0x3fc91570  A0      : 0x00000001  A1      : 0xffffffff  
A2      : 0x00000000  A3      : 0x00000000  A4      : 0x08000000  A5      : 0x00000010  
A6      : 0x00000003  A7      : 0x04c4b400  S2      : 0x00000000  S3      : 0x00000000  
S4      : 0x00000000  S5      : 0x00000000  S6      : 0x00000000  S7      : 0x00000000  
S8      : 0x00000000  S9      : 0x00000000  S10     : 0x00000000  S11     : 0x00000000  
T3      : 0x00000000  T4      : 0x0000000f  T5      : 0x003c0000  T6      : 0x00000003  
MSTATUS : 0x00001881  MTVEC   : 0x40380001  MCAUSE  : 0x00000007  MTVAL   : 0x00000010  
MHARTID : 0x00000000  

Stack memory:
3fc9e150: 0x00000000 0x3fc97000 0x00989680 0x00000001 0x00000001 0x3fc97000 0x3fc91570 0x42003ad2
3fc9e170: 0x00000000 0x3fc91848 0x00000015 0x4200d148 0x00000000 0x3fc91000 0x3fc92000 0x42002170
3fc9e190: 0x00000000 0x00000000 0x00000000 0x00000000 0x00000000 0x3fc97000 0x00000000 0x4200f560
3fc9e1b0: 0x00000000 0x00000000 0x00000000 0x4038988c 0x00000000 0x00000000 0x00000000 0x00000000
3fc9e1d0: 0x00000000 0xa5a5a5a5 0xa5a5a5a5 0xa5a5a5a5 0xa5a5a5a5 0xa5a5a5a5 0xbaad5678 0x00000160
3fc9e1f0: 0xabba1234 0x00000154 0x3fc9e0a0 0x000003eb 0x3fc930cc 0x3fc930cc 0x3fc9e1f8 0x3fc930c4
3fc9e210: 0x00000018 0x00000000 0x00000000 0x3fc9e1f8 0x00000000 0x00000001 0x3fc9c1e8 0x706f6f6c
3fc9e230: 0x6b736154 0x00000000 0x00000000 0x00000000 0x3fc9e1e0 0x00000001 0x00000002 0x00000000
3fc9e250: 0x00000000 0x00000000 0x3fc98154 0x3fc981bc 0x3fc98224 0x00000000 0x00000000 0x00000001
3fc9e270: 0x00000000 0x00000000 0x00000000 0x4209c1a4 0x00000000 0x00000000 0x00000000 0x00000000
3fc9e290: 0x00000000 0x00000000 0x00000000 0x00000000 0x00000000 0x00000000 0x00000000 0x00000000
3fc9e2b0: 0x00000000 0x00000000 0x00000000 0x00000000 0x00000000 0x00000000 0x00000000 0x00000000
3fc9e2d0: 0x00000000 0x00000000 0x00000000 0x00000000 0x00000000 0x00000000 0x00000000 0x00000000
3fc9e2f0: 0x00000000 0x00000000 0x00000000 0x00000000 0x00000000 0x00000000 0x00000000 0x00000000
3fc9e310: 0x00000000 0x00000000 0x00000000 0x00000000 0x00000000 0x00000000 0x00000000 0x00000000
3fc9e330: 0x00000000 0x00000000 0x00000000 0x00000000 0x00000000 0x00000000 0xa5000000 0xbaad5678
3fc9e350: 0x00000060 0xabba1234 0x00000054 0x00000000 0x3fc9e35c 0x00000000 0x00000000 0x00000000
3fc9e370: 0x3fc9e374 0xffffffff 0x3fc9e374 0x3fc9e374 0x00000000 0x3fc9e388 0xffffffff 0x3fc9e388
3fc9e390: 0x3fc9e388 0x00000001 0x00000001 0x00000000 0xa500ffff 0x00000000 0xb33fffff 0x00000000
3fc9e3b0: 0xbaad5678 0x00000160 0xabba1234 0x00000154 0x3fc9e414 0x3fc9e414 0x3fc9e514 0x3fc9e513
3fc9e3d0: 0x00000000 0x3fc9e3d8 0xffffffff 0x3fc9e3d8 0x3fc9e3d8 0x00000000 0x3fc9e3ec 0xffffffff
3fc9e3f0: 0x3fc9e3ec 0x3fc9e3ec 0x00000000 0x00000100 0x00000001 0xa500ffff 0x00000000 0xb33fffff
3fc9e410: 0x00000000 0xa5a5a5a5 0xa5a5a5a5 0xa5a5a5a5 0xa5a5a5a5 0xa5a5a5a5 0xa5a5a5a5 0xa5a5a5a5
3fc9e430: 0xa5a5a5a5 0xa5a5a5a5 0xa5a5a5a5 0xa5a5a5a5 0xa5a5a5a5 0xa5a5a5a5 0xa5a5a5a5 0xa5a5a5a5
3fc9e450: 0xa5a5a5a5 0xa5a5a5a5 0xa5a5a5a5 0xa5a5a5a5 0xa5a5a5a5 0xa5a5a5a5 0xa5a5a5a5 0xa5a5a5a5
3fc9e470: 0xa5a5a5a5 0xa5a5a5a5 0xa5a5a5a5 0xa5a5a5a5 0xa5a5a5a5 0xa5a5a5a5 0xa5a5a5a5 0xa5a5a5a5
3fc9e490: 0xa5a5a5a5 0xa5a5a5a5 0xa5a5a5a5 0xa5a5a5a5 0xa5a5a5a5 0xa5a5a5a5 0xa5a5a5a5 0xa5a5a5a5
3fc9e4b0: 0xa5a5a5a5 0xa5a5a5a5 0xa5a5a5a5 0xa5a5a5a5 0xa5a5a5a5 0xa5a5a5a5 0xa5a5a5a5 0xa5a5a5a5
3fc9e4d0: 0xa5a5a5a5 0xa5a5a5a5 0xa5a5a5a5 0xa5a5a5a5 0xa5a5a5a5 0xa5a5a5a5 0xa5a5a5a5 0xa5a5a5a5
3fc9e4f0: 0xa5a5a5a5 0xa5a5a5a5 0xa5a5a5a5 0xa5a5a5a5 0xa5a5a5a5 0xa5a5a5a5 0xa5a5a5a5 0xa5a5a5a5
3fc9e510: 0xa5a5a5a5 0xbaad5678 0x000000f8 0xabba1234 0x000000ec 0x00000100 0x00000100 0x00000002
3fc9e530: 0x4038655c 0x40386052 0x40385946 0x40386500 0x403864e4 0x3fc9e643 0x3fc9e643 0x3fc9e643



ELF file SHA256: 90ae28fade45912f

Rebooting...
ESP-ROM:esp32c3-api1-20210207
Build:Feb  7 2021
rst:0x3 (RTC_SW_SYS_RST),boot:0xd (SPI_FAST_FLASH_BOOT)
Saved PC:0x4038202c
SPIWP:0xee
mode:DIO, clock div:1
load:0x3fcd5810,len:0x438
load:0x403cc710,len:0x90c
load:0x403ce710,len:0x2624
entry 0x403cc710
Booting...
Calling tft.init()...
Guru Meditation Error: Core  0 panic'ed (Store access fault). Exception was unhandled.

Core  0 register dump:
MEPC    : 0x420037aa  RA      : 0x4200379a  SP      : 0x3fc9e150  GP      : 0x3fc8e200  
TP      : 0x3fc7d2dc  T0      : 0x00000000  T1      : 0xffc3ffff  T2      : 0x00000001  
S0/FP   : 0x60004000  S1      : 0x3fc91570  A0      : 0x00000001  A1      : 0xffffffff  
A2      : 0x00000000  A3      : 0x00000000  A4      : 0x08000000  A5      : 0x00000010  
A6      : 0x00000003  A7      : 0x04c4b400  S2      : 0x00000000  S3      : 0x00000000  
S4      : 0x00000000  S5      : 0x00000000  S6      : 0x00000000  S7      : 0x00000000  
S8      : 0x00000000  S9      : 0x00000000  S10     : 0x00000000  S11     : 0x00000000  
T3      : 0x00000000  T4      : 0x0000000f  T5      : 0x003c0000  T6      : 0x00000003  
MSTATUS : 0x00001881  MTVEC   : 0x40380001  MCAUSE  : 0x00000007  MTVAL   : 0x00000010  
MHARTID : 0x00000000  

Stack memory:
3fc9e150: 0x00000000 0x3fc97000 0x00989680 0x00000001 0x00000001 0x3fc97000 0x3fc91570 0x42003ad2
3fc9e170: 0x00000000 0x3fc91848 0x00000015 0x4200d148 0x00000000 0x3fc91000 0x3fc92000 0x42002170
3fc9e190: 0x00000000 0x00000000 0x00000000 0x00000000 0x00000000 0x3fc97000 0x00000000 0x4200f560
3fc9e1b0: 0x00000000 0x00000000 0x00000000 0x4038988c 0x00000000 0x00000000 0x00000000 0x00000000
3fc9e1d0: 0x00000000 0xa5a5a5a5 0xa5a5a5a5 0xa5a5a5a5 0xa5a5a5a5 0xa5a5a5a5 0xbaad5678 0x00000160
3fc9e1f0: 0xabba1234 0x00000154 0x3fc9e070 0x000003eb 0x3fc930cc 0x3fc930cc 0x3fc9e1f8 0x3fc930c4
3fc9e210: 0x00000018 0x00000000 0x00000000 0x3fc9e1f8 0x00000000 0x00000001 0x3fc9c1e8 0x706f6f6c
3fc9e230: 0x6b736154 0x00000000 0x00000000 0x00000000 0x3fc9e1e0 0x00000001 0x00000002 0x00000000
3fc9e250: 0x00000000 0x00000000 0x3fc98154 0x3fc981bc 0x3fc98224 0x00000000 0x00000000 0x00000001
3fc9e270: 0x00000000 0x00000000 0x00000000 0x4209c1a4 0x00000000 0x00000000 0x00000000 0x00000000
3fc9e290: 0x00000000 0x00000000 0x00000000 0x00000000 0x00000000 0x00000000 0x00000000 0x00000000
3fc9e2b0: 0x00000000 0x00000000 0x00000000 0x00000000 0x00000000 0x00000000 0x00000000 0x00000000
3fc9e2d0: 0x00000000 0x00000000 0x00000000 0x00000000 0x00000000 0x00000000 0x00000000 0x00000000
3fc9e2f0: 0x00000000 0x00000000 0x00000000 0x00000000 0x00000000 0x00000000 0x00000000 0x00000000
3fc9e310: 0x00000000 0x00000000 0x00000000 0x00000000 0x00000000 0x00000000 0x00000000 0x00000000
3fc9e330: 0x00000000 0x00000000 0x00000000 0x00000000 0x00000000 0x00000000 0xa5000000 0xbaad5678
3fc9e350: 0x00000060 0xabba1234 0x00000054 0x00000000 0x3fc9e35c 0x00000000 0x00000000 0x00000000
3fc9e370: 0x3fc9e374 0xffffffff 0x3fc9e374 0x3fc9e374 0x00000000 0x3fc9e388 0xffffffff 0x3fc9e388
3fc9e390: 0x3fc9e388 0x00000001 0x00000001 0x00000000 0xa500ffff 0x00000000 0xb33fffff 0x00000000
3fc9e3b0: 0xbaad5678 0x00000160 0xabba1234 0x00000154 0x3fc9e414 0x3fc9e414 0x3fc9e514 0x3fc9e513
3fc9e3d0: 0x00000000 0x3fc9e3d8 0xffffffff 0x3fc9e3d8 0x3fc9e3d8 0x00000000 0x3fc9e3ec 0xffffffff
3fc9e3f0: 0x3fc9e3ec 0x3fc9e3ec 0x00000000 0x00000100 0x00000001 0xa500ffff 0x00000000 0xb33fffff
3fc9e410: 0x00000000 0xa5a5a5a5 0xa5a5a5a5 0xa5a5a5a5 0xa5a5a5a5 0xa5a5a5a5 0xa5a5a5a5 0xa5a5a5a5
3fc9e430: 0xa5a5a5a5 0xa5a5a5a5 0xa5a5a5a5 0xa5a5a5a5 0xa5a5a5a5 0xa5a5a5a5 0xa5a5a5a5 0xa5a5a5a5
3fc9e450: 0xa5a5a5a5 0xa5a5a5a5 0xa5a5a5a5 0xa5a5a5a5 0xa5a5a5a5 0xa5a5a5a5 0xa5a5a5a5 0xa5a5a5a5
3fc9e470: 0xa5a5a5a5 0xa5a5a5a5 0xa5a5a5a5 0xa5a5a5a5 0xa5a5a5a5 0xa5a5a5a5 0xa5a5a5a5 0xa5a5a5a5
3fc9e490: 0xa5a5a5a5 0xa5a5a5a5 0xa5a5a5a5 0xa5a5a5a5 0xa5a5a5a5 0xa5a5a5a5 0xa5a5a5a5 0xa5a5a5a5
3fc9e4b0: 0xa5a5a5a5 0xa5a5a5a5 0xa5a5a5a5 0xa5a5a5a5 0xa5a5a5a5 0xa5a5a5a5 0xa5a5a5a5 0xa5a5a5a5
3fc9e4d0: 0xa5a5a5a5 0xa5a5a5a5 0xa5a5a5a5 0xa5a5a5a5 0xa5a5a5a5 0xa5a5a5a5 0xa5a5a5a5 0xa5a5a5a5
3fc9e4f0: 0xa5a5a5a5 0xa5a5a5a5 0xa5a5a5a5 0xa5a5a5a5 0xa5a5a5a5 0xa5a5a5a5 0xa5a5a5a5 0xa5a5a5a5
3fc9e510: 0xa5a5a5a5 0xbaad5678 0x000000f8 0xabba1234 0x000000ec 0x00000100 0x00000100 0x00000002
3fc9e530: 0x4038655c 0x40386052 0x40385946 0x40386500 0x403864e4 0x3fc9e643 0x3fc9e643 0x3fc9e643



ELF file SHA256: 90ae28fade45912f

Rebooting...
ESP-ROM:esp32c3-api1-20210207
Build:Feb  7 2021
rst:0x3 (RTC_SW_SYS_RST),boot:0xd (SPI_FAST_FLASH_BOOT)
Saved PC:0x4038202c
SPIWP:0xee
mode:DIO, clock div:1
load:0x3fcd5810,len:0x438
load:0x403cc710,len:0x90c
load:0x403ce710,len:0x2624
entry 0x403cc710
Booting...
Calling tft.init()...
Guru Meditation Error: Core  0 panic'ed (Store access fault). Exception was unhandled.

Core  0 register dump:
MEPC    : 0x420037aa  RA      : 0x4200379a  SP      : 0x3fc9e150  GP      : 0x3fc8e200  
TP      : 0x3fc7d2dc  T0      : 0x00000000  T1      : 0xffc3ffff  T2      : 0x00000001  
S0/FP   : 0x60004000  S1      : 0x3fc91570  A0      : 0x00000001  A1      : 0xffffffff  
A2      : 0x00000000  A3      : 0x00000000  A4      : 0x08000000  A5      : 0x00000010  
A6      : 0x00000003  A7      : 0x04c4b400  S2      : 0x00000000  S3      : 0x00000000  
S4      : 0x00000000  S5      : 0x00000000  S6      : 0x00000000  S7      : 0x00000000  
S8      : 0x00000000  S9      : 0x00000000  S10     : 0x00000000  S11     : 0x00000000  
T3      : 0x00000000  T4      : 0x0000000f  T5      : 0x003c0000  T6      : 0x00000003  
MSTATUS : 0x00001881  MTVEC   : 0x40380001  MCAUSE  : 0x00000007  MTVAL   : 0x00000010  
MHARTID : 0x00000000  

Stack memory:
3fc9e150: 0x00000000 0x3fc97000 0x00989680 0x00000001 0x00000001 0x3fc97000 0x3fc91570 0x42003ad2
3fc9e170: 0x00000000 0x3fc91848 0x00000015 0x4200d148 0x00000000 0x3fc91000 0x3fc92000 0x42002170
3fc9e190: 0x00000000 0x00000000 0x00000000 0x00000000 0x00000000 0x3fc97000 0x00000000 0x4200f560
3fc9e1b0: 0x00000000 0x00000000 0x00000000 0x4038988c 0x00000000 0x00000000 0x00000000 0x00000000
3fc9e1d0: 0x00000000 0xa5a5a5a5 0xa5a5a5a5 0xa5a5a5a5 0xa5a5a5a5 0xa5a5a5a5 0xbaad5678 0x00000160
3fc9e1f0: 0xabba1234 0x00000154 0x3fc9e040 0x000003eb 0x3fc930cc 0x3fc930cc 0x3fc9e1f8 0x3fc930c4
3fc9e210: 0x00000018 0x00000000 0x00000000 0x3fc9e1f8 0x00000000 0x00000001 0x3fc9c1e8 0x706f6f6c
3fc9e230: 0x6b736154 0x00000000 0x00000000 0x00000000 0x3fc9e1e0 0x00000001 0x00000002 0x00000000
3fc9e250: 0x00000000 0x00000000 0x3fc98154 0x3fc981bc 0x3fc98224 0x00000000 0x00000000 0x00000001
3fc9e270: 0x00000000 0x00000000 0x00000000 0x4209c1a4 0x00000000 0x00000000 0x00000000 0x00000000
3fc9e290: 0x00000000 0x00000000 0x00000000 0x00000000 0x00000000 0x00000000 0x00000000 0x00000000
3fc9e2b0: 0x00000000 0x00000000 0x00000000 0x00000000 0x00000000 0x00000000 0x00000000 0x00000000
3fc9e2d0: 0x00000000 0x00000000 0x00000000 0x00000000 0x00000000 0x00000000 0x00000000 0x00000000
3fc9e2f0: 0x00000000 0x00000000 0x00000000 0x00000000 0x00000000 0x00000000 0x00000000 0x00000000
3fc9e310: 0x00000000 0x00000000 0x00000000 0x00000000 0x00000000 0x00000000 0x00000000 0x00000000
3fc9e330: 0x00000000 0x00000000 0x00000000 0x00000000 0x00000000 0x00000000 0xa5000000 0xbaad5678
3fc9e350: 0x00000060 0xabba1234 0x00000054 0x00000000 0x3fc9e35c 0x00000000 0x00000000 0x00000000
3fc9e370: 0x3fc9e374 0xffffffff 0x3fc9e374 0x3fc9e374 0x00000000 0x3fc9e388 0xffffffff 0x3fc9e388
3fc9e390: 0x3fc9e388 0x00000001 0x00000001 0x00000000 0xa500ffff 0x00000000 0xb33fffff 0x00000000
3fc9e3b0: 0xbaad5678 0x00000160 0xabba1234 0x00000154 0x3fc9e414 0x3fc9e414 0x3fc9e514 0x3fc9e513
3fc9e3d0: 0x00000000 0x3fc9e3d8 0xffffffff 0x3fc9e3d8 0x3fc9e3d8 0x00000000 0x3fc9e3ec 0xffffffff
3fc9e3f0: 0x3fc9e3ec 0x3fc9e3ec 0x00000000 0x00000100 0x00000001 0xa500ffff 0x00000000 0xb33fffff
3fc9e410: 0x00000000 0xa5a5a5a5 0xa5a5a5a5 0xa5a5a5a5 0xa5a5a5a5 0xa5a5a5a5 0xa5a5a5a5 0xa5a5a5a5
3fc9e430: 0xa5a5a5a5 0xa5a5a5a5 0xa5a5a5a5 0xa5a5a5a5 0xa5a5a5a5 0xa5a5a5a5 0xa5a5a5a5 0xa5a5a5a5
3fc9e450: 0xa5a5a5a5 0xa5a5a5a5 0xa5a5a5a5 0xa5a5a5a5 0xa5a5a5a5 0xa5a5a5a5 0xa5a5a5a5 0xa5a5a5a5
3fc9e470: 0xa5a5a5a5 0xa5a5a5a5 0xa5a5a5a5 0xa5a5a5a5 0xa5a5a5a5 0xa5a5a5a5 0xa5a5a5a5 0xa5a5a5a5
3fc9e490: 0xa5a5a5a5 0xa5a5a5a5 0xa5a5a5a5 0xa5a5a5a5 0xa5a5a5a5 0xa5a5a5a5 0xa5a5a5a5 0xa5a5a5a5
3fc9e4b0: 0xa5a5a5a5 0xa5a5a5a5 0xa5a5a5a5 0xa5a5a5a5 0xa5a5a5a5 0xa5a5a5a5 0xa5a5a5a5 0xa5a5a5a5
3fc9e4d0: 0xa5a5a5a5 0xa5a5a5a5 0xa5a5a5a5 0xa5a5a5a5 0xa5a5a5a5 0xa5a5a5a5 0xa5a5a5a5 0xa5a5a5a5
3fc9e4f0: 0xa5a5a5a5 0xa5a5a5a5 0xa5a5a5a5 0xa5a5a5a5 0xa5a5a5a5 0xa5a5a5a5 0xa5a5a5a5 0xa5a5a5a5
3fc9e510: 0xa5a5a5a5 0xbaad5678 0x000000f8 0xabba1234 0x000000ec 0x00000100 0x00000100 0x00000002
3fc9e530: 0x4038655c 0x40386052 0x40385946 0x40386500 0x403864e4 0x3fc9e643 0x3fc9e643 0x3fc9e643



ELF file SHA256: 90ae28fade45912f

Rebooting...
ESP-ROM:esp32c3-api1-20210207
Build:Feb  7 2021
rst:0x3 (RTC_SW_SYS_RST),boot:0xd (SPI_FAST_FLASH_BOOT)
Saved PC:0x4038202c
SPIWP:0xee
mode:DIO, clock div:1
load:0x3fcd5810,len:0x438
load:0x403cc710,len:0x90c
load:0x403ce710,len:0x2624
entry 0x403cc710
Booting...
Calling tft.init()...
Guru Meditation Error: Core  0 panic'ed (Store access fault). Exception was unhandled.

Core  0 register dump:
MEPC    : 0x420037aa  RA      : 0x4200379a  SP      : 0x3fc9e150  GP      : 0x3fc8e200  
TP      : 0x3fc7d2dc  T0      : 0x00000000  T1      : 0xffc3ffff  T2      : 0x00000001  
S0/FP   : 0x60004000  S1      : 0x3fc91570  A0      : 0x00000001  A1      : 0xffffffff  
A2      : 0x00000000  A3      : 0x00000000  A4      : 0x08000000  A5      : 0x00000010  
A6      : 0x00000003  A7      : 0x04c4b400  S2      : 0x00000000  S3      : 0x00000000  
S4      : 0x00000000  S5      : 0x00000000  S6      : 0x00000000  S7      : 0x00000000  
S8      : 0x00000000  S9      : 0x00000000  S10     : 0x00000000  S11     : 0x00000000  
T3      : 0x00000000  T4      : 0x0000000f  T5      : 0x003c0000  T6      : 0x00000003  
MSTATUS : 0x00001881  MTVEC   : 0x40380001  MCAUSE  : 0x00000007  MTVAL   : 0x00000010  
MHARTID : 0x00000000  

Stack memory:
3fc9e150: 0x00000000 0x3fc97000 0x00989680 0x00000001 0x00000001 0x3fc97000 0x3fc91570 0x42003ad2
3fc9e170: 0x00000000 0x3fc91848 0x00000015 0x4200d148 0x00000000 0x3fc91000 0x3fc92000 0x42002170
3fc9e190: 0x00000000 0x00000000 0x00000000 0x00000000 0x00000000 0x3fc97000 0x00000000 0x4200f560
3fc9e1b0: 0x00000000 0x00000000 0x00000000 0x4038988c 0x00000000 0x00000000 0x00000000 0x00000000
3fc9e1d0: 0x00000000 0xa5a5a5a5 0xa5a5a5a5 0xa5a5a5a5 0xa5a5a5a5 0xa5a5a5a5 0xbaad5678 0x00000160
3fc9e1f0: 0xabba1234 0x00000154 0x3fc9e0b0 0x000003eb 0x3fc930cc 0x3fc930cc 0x3fc9e1f8 0x3fc930c4
3fc9e210: 0x00000018 0x00000000 0x00000000 0x3fc9e1f8 0x00000000 0x00000001 0x3fc9c1e8 0x706f6f6c
3fc9e230: 0x6b736154 0x00000000 0x00000000 0x00000000 0x3fc9e1e0 0x00000001 0x00000002 0x00000000
3fc9e250: 0x00000000 0x00000000 0x3fc98154 0x3fc981bc 0x3fc98224 0x00000000 0x00000000 0x00000001
3fc9e270: 0x00000000 0x00000000 0x00000000 0x4209c1a4 0x00000000 0x00000000 0x00000000 0x00000000
3fc9e290: 0x00000000 0x00000000 0x00000000 0x00000000 0x00000000 0x00000000 0x00000000 0x00000000
3fc9e2b0: 0x00000000 0x00000000 0x00000000 0x00000000 0x00000000 0x00000000 0x00000000 0x00000000
3fc9e2d0: 0x00000000 0x00000000 0x00000000 0x00000000 0x00000000 0x00000000 0x00000000 0x00000000
3fc9e2f0: 0x00000000 0x00000000 0x00000000 0x00000000 0x00000000 0x00000000 0x00000000 0x00000000
3fc9e310: 0x00000000 0x00000000 0x00000000 0x00000000 0x00000000 0x00000000 0x00000000 0x00000000
3fc9e330: 0x00000000 0x00000000 0x00000000 0x00000000 0x00000000 0x00000000 0xa5000000 0xbaad5678
3fc9e350: 0x00000060 0xabba1234 0x00000054 0x00000000 0x3fc9e35c 0x00000000 0x00000000 0x00000000
3fc9e370: 0x3fc9e374 0xffffffff 0x3fc9e374 0x3fc9e374 0x00000000 0x3fc9e388 0xffffffff 0x3fc9e388
3fc9e390: 0x3fc9e388 0x00000001 0x00000001 0x00000000 0xa500ffff 0x00000000 0xb33fffff 0x00000000
3fc9e3b0: 0xbaad5678 0x00000160 0xabba1234 0x00000154 0x3fc9e414 0x3fc9e414 0x3fc9e514 0x3fc9e513
3fc9e3d0: 0x00000000 0x3fc9e3d8 0xffffffff 0x3fc9e3d8 0x3fc9e3d8 0x00000000 0x3fc9e3ec 0xffffffff
3fc9e3f0: 0x3fc9e3ec 0x3fc9e3ec 0x00000000 0x00000100 0x00000001 0xa500ffff 0x00000000 0xb33fffff
3fc9e410: 0x00000000 0xa5a5a5a5 0xa5a5a5a5 0xa5a5a5a5 0xa5a5a5a5 0xa5a5a5a5 0xa5a5a5a5 0xa5a5a5a5
3fc9e430: 0xa5a5a5a5 0xa5a5a5a5 0xa5a5a5a5 0xa5a5a5a5 0xa5a5a5a5 0xa5a5a5a5 0xa5a5a5a5 0xa5a5a5a5
3fc9e450: 0xa5a5a5a5 0xa5a5a5a5 0xa5a5a5a5 0xa5a5a5a5 0xa5a5a5a5 0xa5a5a5a5 0xa5a5a5a5 0xa5a5a5a5
3fc9e470: 0xa5a5a5a5 0xa5a5a5a5 0xa5a5a5a5 0xa5a5a5a5 0xa5a5a5a5 0xa5a5a5a5 0xa5a5a5a5 0xa5a5a5a5
3fc9e490: 0xa5a5a5a5 0xa5a5a5a5 0xa5a5a5a5 0xa5a5a5a5 0xa5a5a5a5 0xa5a5a5a5 0xa5a5a5a5 0xa5a5a5a5
3fc9e4b0: 0xa5a5a5a5 0xa5a5a5a5 0xa5a5a5a5 0xa5a5a5a5 0xa5a5a5a5 0xa5a5a5a5 0xa5a5a5a5 0xa5a5a5a5
3fc9e4d0: 0xa5a5a5a5 0xa5a5a5a5 0xa5a5a5a5 0xa5a5a5a5 0xa5a5a5a5 0xa5a5a5a5 0xa5a5a5a5 0xa5a5a5a5
3fc9e4f0: 0xa5a5a5a5 0xa5a5a5a5 0xa5a5a5a5 0xa5a5a5a5 0xa5a5a5a5 0xa5a5a5a5 0xa5a5a5a5 0xa5a5a5a5
3fc9e510: 0xa5a5a5a5 0xbaad5678 0x000000f8 0xabba1234 0x000000ec 0x00000100 0x00000100 0x00000002
3fc9e530: 0x4038655c 0x40386052 0x40385946 0x40386500 0x403864e4 0x3fc9e643 0x3fc9e643 0x3fc9e643



ELF file SHA256: 90ae28fade45912f

Rebooting...
ESP-ROM:esp32c3-api1-20210207
Build:Feb  7 2021
rst:0x3 (RTC_SW_SYS_RST),boot:0xd (SPI_FAST_FLASH_BOOT)
Saved PC:0x4038202c
SPIWP:0xee
mode:DIO, clock div:1
load:0x3fcd5810,len:0x438
load:0x403cc710,len:0x90c
load:0x403ce710,len:0x2624
entry 0x403cc710
Booting...
Calling tft.init()...
Guru Meditation Error: Core  0 panic'ed (Store access fault). Exception was unhandled.

Core  0 register dump:
MEPC    : 0x420037aa  RA      : 0x4200379a  SP      : 0x3fc9e150  GP      : 0x3fc8e200  
TP      : 0x3fc7d2dc  T0      : 0x00000000  T1      : 0xffc3ffff  T2      : 0x00000001  
S0/FP   : 0x60004000  S1      : 0x3fc91570  A0      : 0x00000001  A1      : 0xffffffff  
A2      : 0x00000000  A3      : 0x00000000  A4      : 0x08000000  A5      : 0x00000010  
A6      : 0x00000003  A7      : 0x04c4b400  S2      : 0x00000000  S3      : 0x00000000  
S4      : 0x00000000  S5      : 0x00000000  S6      : 0x00000000  S7      : 0x00000000  
S8      : 0x00000000  S9      : 0x00000000  S10     : 0x00000000  S11     : 0x00000000  
T3      : 0x00000000  T4      : 0x0000000f  T5      : 0x003c0000  T6      : 0x00000003  
MSTATUS : 0x00001881  MTVEC   : 0x40380001  MCAUSE  : 0x00000007  MTVAL   : 0x00000010  
MHARTID : 0x00000000  

Stack memory:
3fc9e150: 0x00000000 0x3fc97000 0x00989680 0x00000001 0x00000001 0x3fc97000 0x3fc91570 0x42003ad2
3fc9e170: 0x00000000 0x3fc91848 0x00000015 0x4200d148 0x00000000 0x3fc91000 0x3fc92000 0x42002170
3fc9e190: 0x00000000 0x00000000 0x00000000 0x00000000 0x00000000 0x3fc97000 0x00000000 0x4200f560
3fc9e1b0: 0x00000000 0x00000000 0x00000000 0x4038988c 0x00000000 0x00000000 0x00000000 0x00000000
3fc9e1d0: 0x00000000 0xa5a5a5a5 0xa5a5a5a5 0xa5a5a5a5 0xa5a5a5a5 0xa5a5a5a5 0xbaad5678 0x00000160
3fc9e1f0: 0xabba1234 0x00000154 0x3fc9e090 0x000003eb 0x3fc930cc 0x3fc930cc 0x3fc9e1f8 0x3fc930c4
3fc9e210: 0x00000018 0x00000000 0x00000000 0x3fc9e1f8 0x00000000 0x00000001 0x3fc9c1e8 0x706f6f6c
3fc9e230: 0x6b736154 0x00000000 0x00000000 0x00000000 0x3fc9e1e0 0x00000001 0x00000002 0x00000000
3fc9e250: 0x00000000 0x00000000 0x3fc98154 0x3fc981bc 0x3fc98224 0x00000000 0x00000000 0x00000001
3fc9e270: 0x00000000 0x00000000 0x00000000 0x4209c1a4 0x00000000 0x00000000 0x00000000 0x00000000
3fc9e290: 0x00000000 0x00000000 0x00000000 0x00000000 0x00000000 0x00000000 0x00000000 0x00000000
3fc9e2b0: 0x00000000 0x00000000 0x00000000 0x00000000 0x00000000 0x00000000 0x00000000 0x00000000
3fc9e2d0: 0x00000000 0x00000000 0x00000000 0x00000000 0x00000000 0x00000000 0x00000000 0x00000000
3fc9e2f0: 0x00000000 0x00000000 0x00000000 0x00000000 0x00000000 0x00000000 0x00000000 0x00000000
3fc9e310: 0x00000000 0x00000000 0x00000000 0x00000000 0x00000000 0x00000000 0x00000000 0x00000000
3fc9e330: 0x00000000 0x00000000 0x00000000 0x00000000 0x00000000 0x00000000 0xa5000000 0xbaad5678
3fc9e350: 0x00000060 0xabba1234 0x00000054 0x00000000 0x3fc9e35c 0x00000000 0x00000000 0x00000000
3fc9e370: 0x3fc9e374 0xffffffff 0x3fc9e374 0x3fc9e374 0x00000000 0x3fc9e388 0xffffffff 0x3fc9e388
3fc9e390: 0x3fc9e388 0x00000001 0x00000001 0x00000000 0xa500ffff 0x00000000 0xb33fffff 0x00000000
3fc9e3b0: 0xbaad5678 0x00000160 0xabba1234 0x00000154 0x3fc9e414 0x3fc9e414 0x3fc9e514 0x3fc9e513
3fc9e3d0: 0x00000000 0x3fc9e3d8 0xffffffff 0x3fc9e3d8 0x3fc9e3d8 0x00000000 0x3fc9e3ec 0xffffffff
3fc9e3f0: 0x3fc9e3ec 0x3fc9e3ec 0x00000000 0x00000100 0x00000001 0xa500ffff 0x00000000 0xb33fffff
3fc9e410: 0x00000000 0xa5a5a5a5 0xa5a5a5a5 0xa5a5a5a5 0xa5a5a5a5 0xa5a5a5a5 0xa5a5a5a5 0xa5a5a5a5
3fc9e430: 0xa5a5a5a5 0xa5a5a5a5 0xa5a5a5a5 0xa5a5a5a5 0xa5a5a5a5 0xa5a5a5a5 0xa5a5a5a5 0xa5a5a5a5
3fc9e450: 0xa5a5a5a5 0xa5a5a5a5 0xa5a5a5a5 0xa5a5a5a5 0xa5a5a5a5 0xa5a5a5a5 0xa5a5a5a5 0xa5a5a5a5
3fc9e470: 0xa5a5a5a5 0xa5a5a5a5 0xa5a5a5a5 0xa5a5a5a5 0xa5a5a5a5 0xa5a5a5a5 0xa5a5a5a5 0xa5a5a5a5
3fc9e490: 0xa5a5a5a5 0xa5a5a5a5 0xa5a5a5a5 0xa5a5a5a5 0xa5a5a5a5 0xa5a5a5a5 0xa5a5a5a5 0xa5a5a5a5
3fc9e4b0: 0xa5a5a5a5 0xa5a5a5a5 0xa5a5a5a5 0xa5a5a5a5 0xa5a5a5a5 0xa5a5a5a5 0xa5a5a5a5 0xa5a5a5a5
3fc9e4d0: 0xa5a5a5a5 0xa5a5a5a5 0xa5a5a5a5 0xa5a5a5a5 0xa5a5a5a5 0xa5a5a5a5 0xa5a5a5a5 0xa5a5a5a5
3fc9e4f0: 0xa5a5a5a5 0xa5a5a5a5 0xa5a5a5a5 0xa5a5a5a5 0xa5a5a5a5 0xa5a5a5a5 0xa5a5a5a5 0xa5a5a5a5
3fc9e510: 0xa5a5a5a5 0xbaad5678 0x000000f8 0xabba1234 0x000000ec 0x00000100 0x00000100 0x00000002
3fc9e530: 0x4038655c 0x40386052 0x40385946 0x40386500 0x403864e4 0x3fc9e643 0x3fc9e643 0x3fc9e643



ELF file SHA256: 90ae28fade45912f

Rebooting...
ESP-ROM:esp32c3-api1-20210207
Build:Feb  7 2021
rst:0x3 (RTC_SW_SYS_RST),boot:0xd (SPI_FAST_FLASH_BOOT)
Saved PC:0x4038202c
SPIWP:0xee
mode:DIO, clock div:1
load:0x3fcd5810,len:0x438
load:0x403cc710,len:0x90c
load:0x403ce710,len:0x2624
entry 0x403cc710
Booting...
Calling tft.init()...
Guru Meditation Error: Core  0 panic'ed (Store access fault). Exception was unhandled.

Core  0 register dump:
MEPC    : 0x420037aa  RA      : 0x4200379a  SP      : 0x3fc9e150  GP      : 0x3fc8e200  
TP      : 0x3fc7d2dc  T0      : 0x00000000  T1      : 0xffc3ffff  T2      : 0x00000001  
S0/FP   : 0x60004000  S1      : 0x3fc91570  A0      : 0x00000001  A1      : 0xffffffff  
A2      : 0x00000000  A3      : 0x00000000  A4      : 0x08000000  A5      : 0x00000010  
A6      : 0x00000003  A7      : 0x04c4b400  S2      : 0x00000000  S3      : 0x00000000  
S4      : 0x00000000  S5      : 0x00000000  S6      : 0x00000000  S7      : 0x00000000  
S8      : 0x00000000  S9      : 0x00000000  S10     : 0x00000000  S11     : 0x00000000  
T3      : 0x00000000  T4      : 0x0000000f  T5      : 0x003c0000  T6      : 0x00000003  
MSTATUS : 0x00001881  MTVEC   : 0x40380001  MCAUSE  : 0x00000007  MTVAL   : 0x00000010  
MHARTID : 0x00000000  

Stack memory:
3fc9e150: 0x00000000 0x3fc97000 0x00989680 0x00000001 0x00000001 0x3fc97000 0x3fc91570 0x42003ad2
3fc9e170: 0x00000000 0x3fc91848 0x00000015 0x4200d148 0x00000000 0x3fc91000 0x3fc92000 0x42002170
3fc9e190: 0x00000000 0x00000000 0x00000000 0x00000000 0x00000000 0x3fc97000 0x00000000 0x4200f560
3fc9e1b0: 0x00000000 0x00000000 0x00000000 0x4038988c 0x00000000 0x00000000 0x00000000 0x00000000
3fc9e1d0: 0x00000000 0xa5a5a5a5 0xa5a5a5a5 0xa5a5a5a5 0xa5a5a5a5 0xa5a5a5a5 0xbaad5678 0x00000160
3fc9e1f0: 0xabba1234 0x00000154 0x3fc9e0b0 0x000003eb 0x3fc930cc 0x3fc930cc 0x3fc9e1f8 0x3fc930c4
3fc9e210: 0x00000018 0x00000000 0x00000000 0x3fc9e1f8 0x00000000 0x00000001 0x3fc9c1e8 0x706f6f6c
3fc9e230: 0x6b736154 0x00000000 0x00000000 0x00000000 0x3fc9e1e0 0x00000001 0x00000002 0x00000000
3fc9e250: 0x00000000 0x00000000 0x3fc98154 0x3fc981bc 0x3fc98224 0x00000000 0x00000000 0x00000001
3fc9e270: 0x00000000 0x00000000 0x00000000 0x4209c1a4 0x00000000 0x00000000 0x00000000 0x00000000
3fc9e290: 0x00000000 0x00000000 0x00000000 0x00000000 0x00000000 0x00000000 0x00000000 0x00000000
3fc9e2b0: 0x00000000 0x00000000 0x00000000 0x00000000 0x00000000 0x00000000 0x00000000 0x00000000
3fc9e2d0: 0x00000000 0x00000000 0x00000000 0x00000000 0x00000000 0x00000000 0x00000000 0x00000000
3fc9e2f0: 0x00000000 0x00000000 0x00000000 0x00000000 0x00000000 0x00000000 0x00000000 0x00000000
3fc9e310: 0x00000000 0x00000000 0x00000000 0x00000000 0x00000000 0x00000000 0x00000000 0x00000000
3fc9e330: 0x00000000 0x00000000 0x00000000 0x00000000 0x00000000 0x00000000 0xa5000000 0xbaad5678
3fc9e350: 0x00000060 0xabba1234 0x00000054 0x00000000 0x3fc9e35c 0x00000000 0x00000000 0x00000000
3fc9e370: 0x3fc9e374 0xffffffff 0x3fc9e374 0x3fc9e374 0x00000000 0x3fc9e388 0xffffffff 0x3fc9e388
3fc9e390: 0x3fc9e388 0x00000001 0x00000001 0x00000000 0xa500ffff 0x00000000 0xb33fffff 0x00000000
3fc9e3b0: 0xbaad5678 0x00000160 0xabba1234 0x00000154 0x3fc9e414 0x3fc9e414 0x3fc9e514 0x3fc9e513
3fc9e3d0: 0x00000000 0x3fc9e3d8 0xffffffff 0x3fc9e3d8 0x3fc9e3d8 0x00000000 0x3fc9e3ec 0xffffffff
3fc9e3f0: 0x3fc9e3ec 0x3fc9e3ec 0x00000000 0x00000100 0x00000001 0xa500ffff 0x00000000 0xb33fffff
3fc9e410: 0x00000000 0xa5a5a5a5 0xa5a5a5a5 0xa5a5a5a5 0xa5a5a5a5 0xa5a5a5a5 0xa5a5a5a5 0xa5a5a5a5
3fc9e430: 0xa5a5a5a5 0xa5a5a5a5 0xa5a5a5a5 0xa5a5a5a5 0xa5a5a5a5 0xa5a5a5a5 0xa5a5a5a5 0xa5a5a5a5
3fc9e450: 0xa5a5a5a5 0xa5a5a5a5 0xa5a5a5a5 0xa5a5a5a5 0xa5a5a5a5 0xa5a5a5a5 0xa5a5a5a5 0xa5a5a5a5
3fc9e470: 0xa5a5a5a5 0xa5a5a5a5 0xa5a5a5a5 0xa5a5a5a5 0xa5a5a5a5 0xa5a5a5a5 0xa5a5a5a5 0xa5a5a5a5
3fc9e490: 0xa5a5a5a5 0xa5a5a5a5 0xa5a5a5a5 0xa5a5a5a5 0xa5a5a5a5 0xa5a5a5a5 0xa5a5a5a5 0xa5a5a5a5
3fc9e4b0: 0xa5a5a5a5 0xa5a5a5a5 0xa5a5a5a5 0xa5a5a5a5 0xa5a5a5a5 0xa5a5a5a5 0xa5a5a5a5 0xa5a5a5a5
3fc9e4d0: 0xa5a5a5a5 0xa5a5a5a5 0xa5a5a5a5 0xa5a5a5a5 0xa5a5a5a5 0xa5a5a5a5 0xa5a5a5a5 0xa5a5a5a5
3fc9e4f0: 0xa5a5a5a5 0xa5a5a5a5 0xa5a5a5a5 0xa5a5a5a5 0xa5a5a5a5 0xa5a5a5a5 0xa5a5a5a5 0xa5a5a5a5
3fc9e510: 0xa5a5a5a5 0xbaad5678 0x000000f8 0xabba1234 0x000000ec 0x00000100 0x00000100 0x00000002
3fc9e530: 0x4038655c 0x40386052 0x40385946 0x40386500 0x403864e4 0x3fc9e643 0x3fc9e643 0x3fc9e643



ELF file SHA256: 90ae28fade45912f

Rebooting...
ESP-ROM:esp32c3-api1-20210207
Build:Feb  7 2021
rst:0x3 (RTC_SW_SYS_RST),boot:0xd (SPI_FAST_FLASH_BOOT)
Saved PC:0x4038202c
SPIWP:0xee
mode:DIO, clock div:1
load:0x3fcd5810,len:0x438
load:0x403cc710,len:0x90c
load:0x403ce710,len:0x2624
entry 0x403cc710
